id,clean_name,premium_title,price,category,subcategory,seo_description,short_description,tags,keywords,occasion_tags,classification,instagram_caption,is_best_seller,cross_sell,combos
farmley_0,Farmley RNF Makhana 14GM Peri Peri,Guilt-Free Farmley RNF Makhana 14GM Peri Peri,30.0,Healthy Snacks,Farmley,"Discover the perfect balance of taste and health with Heritage Oven's Farmley RNF Makhana 14GM Peri Peri. Sourced from the finest ingredients, these snacks are perfect for the health-conscious Indian consumer looking for a premium, guilt-free munching experience.","Deliciously fresh Farmley RNF Makhana 14GM Peri Peri from Heritage Oven. Premium quality, authentic taste.","Healthy Snacks, Heritage Oven, Superfood, Health-conscious, Guilt-Free, Premium Bakery","Farmley RNF Makhana 14GM Peri Peri, Heritage Oven, Healthy Snacks, Freshly Baked","Tea Time, Evening Snack, Daily Treat, Office Snack",Budget,"Indulge in the magic of Farmley RNF Makhana 14GM Peri Peri! ✨ Perfectly baked, delightfully fresh. Only at Heritage Oven. 🥯🍰 #HeritageOven #BakeryIndia #FreshlyBaked",False,"Masala Chai, Green Tea, Diet Soda","Healthy Munchie Box (Set of 5), Farmley RNF Makhana 14GM Peri Peri + Green Tea Pack"
farmley_1,Farmley RNF Makhana 14GM Tangy Tomato,Guilt-Free Farmley RNF Makhana 14GM Tangy Tomato,30.0,Healthy Snacks,Farmley,"Discover the perfect balance of taste and health with Heritage Oven's Farmley RNF Makhana 14GM Tangy Tomato. Sourced from the finest ingredients, these snacks are perfect for the health-conscious Indian consumer looking for a premium, guilt-free munching experience.","Deliciously fresh Farmley RNF Makhana 14GM Tangy Tomato from Heritage Oven. Premium quality, authentic taste.","Healthy Snacks, Heritage Oven, Superfood, Health-conscious, Guilt-Free, Premium Bakery","Farmley RNF Makhana 14GM Tangy Tomato, Heritage Oven, Healthy Snacks, Freshly Baked","Tea Time, Evening Snack, Daily Treat, Office Snack",Budget,"Indulge in the magic of Farmley RNF Makhana 14GM Tangy Tomato! ✨ Perfectly baked, delightfully fresh. Only at Heritage Oven. 🥯🍰 #HeritageOven #BakeryIndia #FreshlyBaked",False,"Masala Chai, Green Tea, Diet Soda","Healthy Munchie Box (Set of 5), Farmley RNF Makhana 14GM Tangy Tomato + Green Tea Pack"
farmley_2,Farmley RNF Makhana 14GM Cream & Onion,Guilt-Free Farmley RNF Makhana 14GM Cream & Onion,30.0,Healthy Snacks,Farmley,"Discover the perfect balance of taste and health with Heritage Oven's Farmley RNF Makhana 14GM Cream & Onion. Sourced from the finest ingredients, these snacks are perfect for the health-conscious Indian consumer looking for a premium, guilt-free munching experience.","Deliciously fresh Farmley RNF Makhana 14GM Cream & Onion from Heritage Oven. Premium quality, authentic taste.","Healthy Snacks, Heritage Oven, Superfood, Health-conscious, Guilt-Free, Premium Bakery","Farmley RNF Makhana 14GM Cream & Onion, Heritage Oven, Healthy Snacks, Freshly Baked","Tea Time, Evening Snack, Daily Treat, Office Snack",Budget,"Indulge in the magic of Farmley RNF Makhana 14GM Cream & Onion! ✨ Perfectly baked, delightfully fresh. Only at Heritage Oven. 🥯🍰 #HeritageOven #BakeryIndia #FreshlyBaked",False,"Masala Chai, Green Tea, Diet Soda","Healthy Munchie Box (Set of 5), Farmley RNF Makhana 14GM Cream & Onion + Green Tea Pack"
farmley_3,Farmley Munchies 25g*150p Amritsari Achari 20 Mrp,Guilt-Free Farmley Munchies 25g*150p Amritsari Achari 20 Mrp,20.0,Healthy Snacks,Farmley,"Discover the perfect balance of taste and health with Heritage Oven's Farmley Munchies 25g*150p Amritsari Achari 20 Mrp. Sourced from the finest ingredients, these snacks are perfect for the health-conscious Indian consumer looking for a premium, guilt-free munching experience.","Deliciously fresh Farmley Munchies 25g*150p Amritsari Achari 20 Mrp from Heritage Oven. Premium quality, authentic taste.","Healthy Snacks, Heritage Oven, Superfood, Health-conscious, Guilt-Free, Premium Bakery","Farmley Munchies 25g*150p Amritsari Achari 20 Mrp, Heritage Oven, Healthy Snacks, Freshly Baked","Tea Time, Evening Snack, Daily Treat, Office Snack",Budget,"Indulge in the magic of Farmley Munchies 25g*150p Amritsari Achari 20 Mrp! ✨ Perfectly baked, delightfully fresh. Only at Heritage Oven. 🥯🍰 #HeritageOven #BakeryIndia #FreshlyBaked",False,"Masala Chai, Green Tea, Diet Soda","Healthy Munchie Box (Set of 5), Farmley Munchies 25g*150p Amritsari Achari 20 Mrp + Green Tea Pack"
farmley_4,Farmley Makha Shaka Stix 25g Flaming Hot Ladi,Guilt-Free Farmley Makha Shaka Stix 25g Flaming Hot Ladi,20.0,Healthy Snacks,Farmley,"Discover the perfect balance of taste and health with Heritage Oven's Farmley Makha Shaka Stix 25g Flaming Hot Ladi. Sourced from the finest ingredients, these snacks are perfect for the health-conscious Indian consumer looking for a premium, guilt-free munching experience.","Deliciously fresh Farmley Makha Shaka Stix 25g Flaming Hot Ladi from Heritage Oven. Premium quality, authentic taste.","Healthy Snacks, Heritage Oven, Superfood, Health-conscious, Guilt-Free, Premium Bakery","Farmley Makha Shaka Stix 25g Flaming Hot Ladi, Heritage Oven, Healthy Snacks, Freshly Baked","Tea Time, Evening Snack, Daily Treat, Office Snack",Budget,"Indulge in the magic of Farmley Makha Shaka Stix 25g Flaming Hot Ladi! ✨ Perfectly baked, delightfully fresh. Only at Heritage Oven. 🥯🍰 #HeritageOven #BakeryIndia #FreshlyBaked",False,"Masala Chai, Green Tea, Diet Soda","Healthy Munchie Box (Set of 5), Farmley Makha Shaka Stix 25g Flaming Hot Ladi + Green Tea Pack"
farmley_5,Farmley Munchies 25g* Andhra masala (ladi),Guilt-Free Farmley Munchies 25g* Andhra masala (ladi),20.0,Healthy Snacks,Farmley,"Discover the perfect balance of taste and health with Heritage Oven's Farmley Munchies 25g* Andhra masala (ladi). Sourced from the finest ingredients, these snacks are perfect for the health-conscious Indian consumer looking for a premium, guilt-free munching experience.","Deliciously fresh Farmley Munchies 25g* Andhra masala (ladi) from Heritage Oven. Premium quality, authentic taste.","Healthy Snacks, Heritage Oven, Superfood, Health-conscious, Guilt-Free, Premium Bakery","Farmley Munchies 25g* Andhra masala (ladi), Heritage Oven, Healthy Snacks, Freshly Baked","Tea Time, Evening Snack, Daily Treat, Office Snack",Budget,"Indulge in the magic of Farmley Munchies 25g* Andhra masala (ladi)! ✨ Perfectly baked, delightfully fresh. Only at Heritage Oven. 🥯🍰 #HeritageOven #BakeryIndia #FreshlyBaked",False,"Masala Chai, Green Tea, Diet Soda","Healthy Munchie Box (Set of 5), Farmley Munchies 25g* Andhra masala (ladi) + Green Tea Pack"
farmley_6,Farmley Makha Shaka Stix 25g Tomato Ladi,Guilt-Free Farmley Makha Shaka Stix 25g Tomato Ladi,20.0,Healthy Snacks,Farmley,"Discover the perfect balance of taste and health with Heritage Oven's Farmley Makha Shaka Stix 25g Tomato Ladi. Sourced from the finest ingredients, these snacks are perfect for the health-conscious Indian consumer looking for a premium, guilt-free munching experience.","Deliciously fresh Farmley Makha Shaka Stix 25g Tomato Ladi from Heritage Oven. Premium quality, authentic taste.","Healthy Snacks, Heritage Oven, Superfood, Health-conscious, Guilt-Free, Premium Bakery","Farmley Makha Shaka Stix 25g Tomato Ladi, Heritage Oven, Healthy Snacks, Freshly Baked","Tea Time, Evening Snack, Daily Treat, Office Snack",Budget,"Indulge in the magic of Farmley Makha Shaka Stix 25g Tomato Ladi! ✨ Perfectly baked, delightfully fresh. Only at Heritage Oven. 🥯🍰 #HeritageOven #BakeryIndia #FreshlyBaked",False,"Masala Chai, Green Tea, Diet Soda","Healthy Munchie Box (Set of 5), Farmley Makha Shaka Stix 25g Tomato Ladi + Green Tea Pack"
farmley_7,farmley RNF makhana composite jar 77g minty pudina,Guilt-Free farmley RNF makhana composite jar 77g minty pudina,239.0,Healthy Snacks,Farmley,"Discover the perfect balance of taste and health with Heritage Oven's farmley RNF makhana composite jar 77g minty pudina. Sourced from the finest ingredients, these snacks are perfect for the health-conscious Indian consumer looking for a premium, guilt-free munching experience.","Deliciously fresh farmley RNF makhana composite jar 77g minty pudina from Heritage Oven. Premium quality, authentic taste.","Healthy Snacks, Heritage Oven, Superfood, Health-conscious, Guilt-Free, Premium Bakery","farmley RNF makhana composite jar 77g minty pudina, Heritage Oven, Healthy Snacks, Freshly Baked","Tea Time, Evening Snack, Daily Treat, Office Snack",Premium,"Indulge in the magic of farmley RNF makhana composite jar 77g minty pudina! ✨ Perfectly baked, delightfully fresh. Only at Heritage Oven. 🥯🍰 #HeritageOven #BakeryIndia #FreshlyBaked",False,"Masala Chai, Green Tea, Diet Soda","Healthy Munchie Box (Set of 5), farmley RNF makhana composite jar 77g minty pudina + Green Tea Pack"
farmley_8,Farmley RNF makhana composit jar 77 g himalayan salted,Guilt-Free Farmley RNF makhana composit jar 77 g himalayan salted,239.0,Healthy Snacks,Farmley,"Discover the perfect balance of taste and health with Heritage Oven's Farmley RNF makhana composit jar 77 g himalayan salted. Sourced from the finest ingredients, these snacks are perfect for the health-conscious Indian consumer looking for a premium, guilt-free munching experience.","Deliciously fresh Farmley RNF makhana composit jar 77 g himalayan salted from Heritage Oven. Premium quality, authentic taste.","Healthy Snacks, Heritage Oven, Superfood, Health-conscious, Guilt-Free, Premium Bakery","Farmley RNF makhana composit jar 77 g himalayan salted, Heritage Oven, Healthy Snacks, Freshly Baked","Tea Time, Evening Snack, Daily Treat, Office Snack",Premium,"Indulge in the magic of Farmley RNF makhana composit jar 77 g himalayan salted! ✨ Perfectly baked, delightfully fresh. Only at Heritage Oven. 🥯🍰 #HeritageOven #BakeryIndia #FreshlyBaked",False,"Masala Chai, Green Tea, Diet Soda","Healthy Munchie Box (Set of 5), Farmley RNF makhana composit jar 77 g himalayan salted + Green Tea Pack"
farmley_9,farmley RNF makhana composite jar 77g Lemon Chilli,Guilt-Free farmley RNF makhana composite jar 77g Lemon Chilli,239.0,Healthy Snacks,Farmley,"Discover the perfect balance of taste and health with Heritage Oven's farmley RNF makhana composite jar 77g Lemon Chilli. Sourced from the finest ingredients, these snacks are perfect for the health-conscious Indian consumer looking for a premium, guilt-free munching experience.","Deliciously fresh farmley RNF makhana composite jar 77g Lemon Chilli from Heritage Oven. Premium quality, authentic taste.","Healthy Snacks, Heritage Oven, Superfood, Health-conscious, Guilt-Free, Premium Bakery","farmley RNF makhana composite jar 77g Lemon Chilli, Heritage Oven, Healthy Snacks, Freshly Baked","Tea Time, Evening Snack, Daily Treat, Office Snack",Premium,"Indulge in the magic of farmley RNF makhana composite jar 77g Lemon Chilli! ✨ Perfectly baked, delightfully fresh. Only at Heritage Oven. 🥯🍰 #HeritageOven #BakeryIndia #FreshlyBaked",False,"Masala Chai, Green Tea, Diet Soda","Healthy Munchie Box (Set of 5), farmley RNF makhana composite jar 77g Lemon Chilli + Green Tea Pack"
farmley_10,farmley RNF makhana composite jar 77g Salt N Peper,Guilt-Free farmley RNF makhana composite jar 77g Salt N Peper,239.0,Healthy Snacks,Farmley,"Discover the perfect balance of taste and health with Heritage Oven's farmley RNF makhana composite jar 77g Salt N Peper. Sourced from the finest ingredients, these snacks are perfect for the health-conscious Indian consumer looking for a premium, guilt-free munching experience.","Deliciously fresh farmley RNF makhana composite jar 77g Salt N Peper from Heritage Oven. Premium quality, authentic taste.","Healthy Snacks, Heritage Oven, Superfood, Health-conscious, Guilt-Free, Premium Bakery","farmley RNF makhana composite jar 77g Salt N Peper, Heritage Oven, Healthy Snacks, Freshly Baked","Tea Time, Evening Snack, Daily Treat, Office Snack",Premium,"Indulge in the magic of farmley RNF makhana composite jar 77g Salt N Peper! ✨ Perfectly baked, delightfully fresh. Only at Heritage Oven. 🥯🍰 #HeritageOven #BakeryIndia #FreshlyBaked",False,"Masala Chai, Green Tea, Diet Soda","Healthy Munchie Box (Set of 5), farmley RNF makhana composite jar 77g Salt N Peper + Green Tea Pack"
farmley_11,farmley RNF makhana composite jar 77g cream & onion,Guilt-Free farmley RNF makhana composite jar 77g cream & onion,239.0,Healthy Snacks,Farmley,"Discover the perfect balance of taste and health with Heritage Oven's farmley RNF makhana composite jar 77g cream & onion. Sourced from the finest ingredients, these snacks are perfect for the health-conscious Indian consumer looking for a premium, guilt-free munching experience.","Deliciously fresh farmley RNF makhana composite jar 77g cream & onion from Heritage Oven. Premium quality, authentic taste.","Healthy Snacks, Heritage Oven, Superfood, Health-conscious, Guilt-Free, Premium Bakery","farmley RNF makhana composite jar 77g cream & onion, Heritage Oven, Healthy Snacks, Freshly Baked","Tea Time, Evening Snack, Daily Treat, Office Snack",Premium,"Indulge in the magic of farmley RNF makhana composite jar 77g cream & onion! ✨ Perfectly baked, delightfully fresh. Only at Heritage Oven. 🥯🍰 #HeritageOven #BakeryIndia #FreshlyBaked",False,"Masala Chai, Green Tea, Diet Soda","Healthy Munchie Box (Set of 5), farmley RNF makhana composite jar 77g cream & onion + Green Tea Pack"
farmley_12,Farmley Snack Mix - Salted Pumpkin Seeds 24g MRP 30/-,Guilt-Free Farmley Snack Mix - Salted Pumpkin Seeds 24g MRP 30/-,30.0,Healthy Snacks,Farmley,"Discover the perfect balance of taste and health with Heritage Oven's Farmley Snack Mix - Salted Pumpkin Seeds 24g MRP 30/-. Sourced from the finest ingredients, these snacks are perfect for the health-conscious Indian consumer looking for a premium, guilt-free munching experience.","Deliciously fresh Farmley Snack Mix - Salted Pumpkin Seeds 24g MRP 30/- from Heritage Oven. Premium quality, authentic taste.","Healthy Snacks, Heritage Oven, Superfood, Health-conscious, Guilt-Free, Premium Bakery","Farmley Snack Mix - Salted Pumpkin Seeds 24g MRP 30/-, Heritage Oven, Healthy Snacks, Freshly Baked","Tea Time, Evening Snack, Daily Treat, Office Snack",Budget,"Indulge in the magic of Farmley Snack Mix - Salted Pumpkin Seeds 24g MRP 30/-! ✨ Perfectly baked, delightfully fresh. Only at Heritage Oven. 🥯🍰 #HeritageOven #BakeryIndia #FreshlyBaked",False,"Masala Chai, Green Tea, Diet Soda","Healthy Munchie Box (Set of 5), Farmley Snack Mix - Salted Pumpkin Seeds 24g MRP 30/- + Green Tea Pack"
farmley_13,Farmley Snack Mix - Maxican Peri Peri 21g MRP. 30,Guilt-Free Farmley Snack Mix - Maxican Peri Peri 21g MRP. 30,30.0,Healthy Snacks,Farmley,"Discover the perfect balance of taste and health with Heritage Oven's Farmley Snack Mix - Maxican Peri Peri 21g MRP. 30. Sourced from the finest ingredients, these snacks are perfect for the health-conscious Indian consumer looking for a premium, guilt-free munching experience.","Deliciously fresh Farmley Snack Mix - Maxican Peri Peri 21g MRP. 30 from Heritage Oven. Premium quality, authentic taste.","Healthy Snacks, Heritage Oven, Superfood, Health-conscious, Guilt-Free, Premium Bakery","Farmley Snack Mix - Maxican Peri Peri 21g MRP. 30, Heritage Oven, Healthy Snacks, Freshly Baked","Tea Time, Evening Snack, Daily Treat, Office Snack",Budget,"Indulge in the magic of Farmley Snack Mix - Maxican Peri Peri 21g MRP. 30! ✨ Perfectly baked, delightfully fresh. Only at Heritage Oven. 🥯🍰 #HeritageOven #BakeryIndia #FreshlyBaked",False,"Masala Chai, Green Tea, Diet Soda","Healthy Munchie Box (Set of 5), Farmley Snack Mix - Maxican Peri Peri 21g MRP. 30 + Green Tea Pack"
farmley_14,Farmley Mashala Cranberry 18gm Ladi MRP. 30/-,Guilt-Free Farmley Mashala Cranberry 18gm Ladi MRP. 30/-,30.0,Healthy Snacks,Farmley,"Discover the perfect balance of taste and health with Heritage Oven's Farmley Mashala Cranberry 18gm Ladi MRP. 30/-. Sourced from the finest ingredients, these snacks are perfect for the health-conscious Indian consumer looking for a premium, guilt-free munching experience.","Deliciously fresh Farmley Mashala Cranberry 18gm Ladi MRP. 30/- from Heritage Oven. Premium quality, authentic taste.","Healthy Snacks, Heritage Oven, Superfood, Health-conscious, Guilt-Free, Premium Bakery","Farmley Mashala Cranberry 18gm Ladi MRP. 30/-, Heritage Oven, Healthy Snacks, Freshly Baked","Tea Time, Evening Snack, Daily Treat, Office Snack",Budget,"Indulge in the magic of Farmley Mashala Cranberry 18gm Ladi MRP. 30/-! ✨ Perfectly baked, delightfully fresh. Only at Heritage Oven. 🥯🍰 #HeritageOven #BakeryIndia #FreshlyBaked",False,"Masala Chai, Green Tea, Diet Soda","Healthy Munchie Box (Set of 5), Farmley Mashala Cranberry 18gm Ladi MRP. 30/- + Green Tea Pack"
farmley_15,Farmley Snack Mix - Panchmeva 21gm MRP. 30,Guilt-Free Farmley Snack Mix - Panchmeva 21gm MRP. 30,30.0,Healthy Snacks,Farmley,"Discover the perfect balance of taste and health with Heritage Oven's Farmley Snack Mix - Panchmeva 21gm MRP. 30. Sourced from the finest ingredients, these snacks are perfect for the health-conscious Indian consumer looking for a premium, guilt-free munching experience.","Deliciously fresh Farmley Snack Mix - Panchmeva 21gm MRP. 30 from Heritage Oven. Premium quality, authentic taste.","Healthy Snacks, Heritage Oven, Superfood, Health-conscious, Guilt-Free, Premium Bakery","Farmley Snack Mix - Panchmeva 21gm MRP. 30, Heritage Oven, Healthy Snacks, Freshly Baked","Tea Time, Evening Snack, Daily Treat, Office Snack",Budget,"Indulge in the magic of Farmley Snack Mix - Panchmeva 21gm MRP. 30! ✨ Perfectly baked, delightfully fresh. Only at Heritage Oven. 🥯🍰 #HeritageOven #BakeryIndia #FreshlyBaked",False,"Masala Chai, Green Tea, Diet Soda","Healthy Munchie Box (Set of 5), Farmley Snack Mix - Panchmeva 21gm MRP. 30 + Green Tea Pack"
farmley_16,Farmley Date bite Classic 240gm,Guilt-Free Farmley Date bite Classic 240gm,480.0,Healthy Snacks,Farmley,"Discover the perfect balance of taste and health with Heritage Oven's Farmley Date bite Classic 240gm. Sourced from the finest ingredients, these snacks are perfect for the health-conscious Indian consumer looking for a premium, guilt-free munching experience.","Deliciously fresh Farmley Date bite Classic 240gm from Heritage Oven. Premium quality, authentic taste.","Healthy Snacks, Heritage Oven, Superfood, Health-conscious, Guilt-Free, Premium Bakery","Farmley Date bite Classic 240gm, Heritage Oven, Healthy Snacks, Freshly Baked","Tea Time, Evening Snack, Daily Treat, Office Snack",Premium,"Indulge in the magic of Farmley Date bite Classic 240gm! ✨ Perfectly baked, delightfully fresh. Only at Heritage Oven. 🥯🍰 #HeritageOven #BakeryIndia #FreshlyBaked",False,"Masala Chai, Green Tea, Diet Soda","Healthy Munchie Box (Set of 5), Farmley Date bite Classic 240gm + Green Tea Pack"
farmley_17,FARMLEY DATE BITES DARK CHOCO- ORANGE 160G MRP. 320,Guilt-Free FARMLEY DATE BITES DARK CHOCO- ORANGE 160G MRP. 320,320.0,Healthy Snacks,Farmley,"Discover the perfect balance of taste and health with Heritage Oven's FARMLEY DATE BITES DARK CHOCO- ORANGE 160G MRP. 320. Sourced from the finest ingredients, these snacks are perfect for the health-conscious Indian consumer looking for a premium, guilt-free munching experience.","Deliciously fresh FARMLEY DATE BITES DARK CHOCO- ORANGE 160G MRP. 320 from Heritage Oven. Premium quality, authentic taste.","Healthy Snacks, Heritage Oven, Superfood, Health-conscious, Guilt-Free, Premium Bakery","FARMLEY DATE BITES DARK CHOCO- ORANGE 160G MRP. 320, Heritage Oven, Healthy Snacks, Freshly Baked","Tea Time, Evening Snack, Daily Treat, Office Snack",Premium,"Indulge in the magic of FARMLEY DATE BITES DARK CHOCO- ORANGE 160G MRP. 320! ✨ Perfectly baked, delightfully fresh. Only at Heritage Oven. 🥯🍰 #HeritageOven #BakeryIndia #FreshlyBaked",False,"Masala Chai, Green Tea, Diet Soda","Healthy Munchie Box (Set of 5), FARMLEY DATE BITES DARK CHOCO- ORANGE 160G MRP. 320 + Green Tea Pack"
farmley_18,FARMELY PREMIUM FLAX SEEDS 200G,Guilt-Free FARMELY PREMIUM FLAX SEEDS 200G,99.0,Healthy Snacks,Farmley,"Discover the perfect balance of taste and health with Heritage Oven's FARMELY PREMIUM FLAX SEEDS 200G. Sourced from the finest ingredients, these snacks are perfect for the health-conscious Indian consumer looking for a premium, guilt-free munching experience.","Deliciously fresh FARMELY PREMIUM FLAX SEEDS 200G from Heritage Oven. Premium quality, authentic taste.","Healthy Snacks, Heritage Oven, Superfood, Health-conscious, Guilt-Free, Premium Bakery","FARMELY PREMIUM FLAX SEEDS 200G, Heritage Oven, Healthy Snacks, Freshly Baked","Tea Time, Evening Snack, Daily Treat, Office Snack",Budget,"Indulge in the magic of FARMELY PREMIUM FLAX SEEDS 200G! ✨ Perfectly baked, delightfully fresh. Only at Heritage Oven. 🥯🍰 #HeritageOven #BakeryIndia #FreshlyBaked",False,"Masala Chai, Green Tea, Diet Soda","Healthy Munchie Box (Set of 5), FARMELY PREMIUM FLAX SEEDS 200G + Green Tea Pack"
farmley_19,Farmley Premiun California rost/salted Pista 200g,Guilt-Free Farmley Premiun California rost/salted Pista 200g,469.0,Healthy Snacks,Farmley,"Discover the perfect balance of taste and health with Heritage Oven's Farmley Premiun California rost/salted Pista 200g. Sourced from the finest ingredients, these snacks are perfect for the health-conscious Indian consumer looking for a premium, guilt-free munching experience.","Deliciously fresh Farmley Premiun California rost/salted Pista 200g from Heritage Oven. Premium quality, authentic taste.","Healthy Snacks, Heritage Oven, Superfood, Health-conscious, Guilt-Free, Premium Bakery","Farmley Premiun California rost/salted Pista 200g, Heritage Oven, Healthy Snacks, Freshly Baked","Tea Time, Evening Snack, Daily Treat, Office Snack",Premium,"Indulge in the magic of Farmley Premiun California rost/salted Pista 200g! ✨ Perfectly baked, delightfully fresh. Only at Heritage Oven. 🥯🍰 #HeritageOven #BakeryIndia #FreshlyBaked",False,"Masala Chai, Green Tea, Diet Soda","Healthy Munchie Box (Set of 5), Farmley Premiun California rost/salted Pista 200g + Green Tea Pack"
farmley_20,Farmley Premium raisin long sp 200g,Guilt-Free Farmley Premium raisin long sp 200g,249.0,Healthy Snacks,Farmley,"Discover the perfect balance of taste and health with Heritage Oven's Farmley Premium raisin long sp 200g. Sourced from the finest ingredients, these snacks are perfect for the health-conscious Indian consumer looking for a premium, guilt-free munching experience.","Deliciously fresh Farmley Premium raisin long sp 200g from Heritage Oven. Premium quality, authentic taste.","Healthy Snacks, Heritage Oven, Superfood, Health-conscious, Guilt-Free, Premium Bakery","Farmley Premium raisin long sp 200g, Heritage Oven, Healthy Snacks, Freshly Baked","Tea Time, Evening Snack, Daily Treat, Office Snack",Premium,"Indulge in the magic of Farmley Premium raisin long sp 200g! ✨ Perfectly baked, delightfully fresh. Only at Heritage Oven. 🥯🍰 #HeritageOven #BakeryIndia #FreshlyBaked",False,"Masala Chai, Green Tea, Diet Soda","Healthy Munchie Box (Set of 5), Farmley Premium raisin long sp 200g + Green Tea Pack"
party stuff_0,Bunny baloons,Premium Bunny baloons,79.0,Party Supplies,Party Stuff,Experience the authentic taste of Bunny baloons from Heritage Oven. Our time-honored recipes and premium ingredients come together to create a snack that is both nostalgic and modern. Perfect for tea-time or any time you crave a quality bite.,"Deliciously fresh Bunny baloons from Heritage Oven. Premium quality, authentic taste.","Party Supplies, Heritage Oven, Premium Bakery","Bunny baloons, Heritage Oven, Party Supplies, Freshly Baked","Birthday, Anniversary, Celebration, Wedding, Party",Budget,"Indulge in the magic of Bunny baloons! ✨ Perfectly baked, delightfully fresh. Only at Heritage Oven. 🥯🍰 #HeritageOven #BakeryIndia #FreshlyBaked",False,Daily Specials,Bunny baloons Family Pack
party stuff_1,King Baloons,Premium King Baloons,79.0,Party Supplies,Party Stuff,Experience the authentic taste of King Baloons from Heritage Oven. Our time-honored recipes and premium ingredients come together to create a snack that is both nostalgic and modern. Perfect for tea-time or any time you crave a quality bite.,"Deliciously fresh King Baloons from Heritage Oven. Premium quality, authentic taste.","Party Supplies, Heritage Oven, Premium Bakery","King Baloons, Heritage Oven, Party Supplies, Freshly Baked","Birthday, Anniversary, Celebration, Wedding, Party",Budget,"Indulge in the magic of King Baloons! ✨ Perfectly baked, delightfully fresh. Only at Heritage Oven. 🥯🍰 #HeritageOven #BakeryIndia #FreshlyBaked",False,Daily Specials,King Baloons Family Pack
party stuff_2,Monty Baloon,Handcrafted Monty Baloon,79.0,Party Supplies,Party Stuff,Experience the authentic taste of Monty Baloon from Heritage Oven. Our time-honored recipes and premium ingredients come together to create a snack that is both nostalgic and modern. Perfect for tea-time or any time you crave a quality bite.,"Deliciously fresh Monty Baloon from Heritage Oven. Premium quality, authentic taste.","Party Supplies, Heritage Oven, Premium Bakery","Monty Baloon, Heritage Oven, Party Supplies, Freshly Baked","Birthday, Anniversary, Celebration, Wedding, Party",Budget,"Indulge in the magic of Monty Baloon! ✨ Perfectly baked, delightfully fresh. Only at Heritage Oven. 🥯🍰 #HeritageOven #BakeryIndia #FreshlyBaked",False,Daily Specials,Monty Baloon Family Pack
party stuff_3,Happy Bday Combo Set,Premium Happy Bday Combo Set,79.0,Party Supplies,Party Stuff,Experience the authentic taste of Happy Bday Combo Set from Heritage Oven. Our time-honored recipes and premium ingredients come together to create a snack that is both nostalgic and modern. Perfect for tea-time or any time you crave a quality bite.,"Deliciously fresh Happy Bday Combo Set from Heritage Oven. Premium quality, authentic taste.","Party Supplies, Heritage Oven, Premium Bakery","Happy Bday Combo Set, Heritage Oven, Party Supplies, Freshly Baked","Birthday, Anniversary, Celebration, Wedding, Party",Budget,"Indulge in the magic of Happy Bday Combo Set! ✨ Perfectly baked, delightfully fresh. Only at Heritage Oven. 🥯🍰 #HeritageOven #BakeryIndia #FreshlyBaked",False,Daily Specials,Happy Bday Combo Set Family Pack
party stuff_4,Silver Curtain,Signature Silver Curtain,79.0,Party Supplies,Party Stuff,Experience the authentic taste of Silver Curtain from Heritage Oven. Our time-honored recipes and premium ingredients come together to create a snack that is both nostalgic and modern. Perfect for tea-time or any time you crave a quality bite.,"Deliciously fresh Silver Curtain from Heritage Oven. Premium quality, authentic taste.","Party Supplies, Heritage Oven, Premium Bakery","Silver Curtain, Heritage Oven, Party Supplies, Freshly Baked","Birthday, Anniversary, Celebration, Wedding, Party",Budget,"Indulge in the magic of Silver Curtain! ✨ Perfectly baked, delightfully fresh. Only at Heritage Oven. 🥯🍰 #HeritageOven #BakeryIndia #FreshlyBaked",False,Daily Specials,Silver Curtain Family Pack
party stuff_5,Golden Curtain,Handcrafted Golden Curtain,79.0,Party Supplies,Party Stuff,Experience the authentic taste of Golden Curtain from Heritage Oven. Our time-honored recipes and premium ingredients come together to create a snack that is both nostalgic and modern. Perfect for tea-time or any time you crave a quality bite.,"Deliciously fresh Golden Curtain from Heritage Oven. Premium quality, authentic taste.","Party Supplies, Heritage Oven, Premium Bakery","Golden Curtain, Heritage Oven, Party Supplies, Freshly Baked","Birthday, Anniversary, Celebration, Wedding, Party",Budget,"Indulge in the magic of Golden Curtain! ✨ Perfectly baked, delightfully fresh. Only at Heritage Oven. 🥯🍰 #HeritageOven #BakeryIndia #FreshlyBaked",False,Daily Specials,Golden Curtain Family Pack
party stuff_6,Happy Bday baloon,Artisanal Happy Bday baloon,79.0,Party Supplies,Party Stuff,Experience the authentic taste of Happy Bday baloon from Heritage Oven. Our time-honored recipes and premium ingredients come together to create a snack that is both nostalgic and modern. Perfect for tea-time or any time you crave a quality bite.,"Deliciously fresh Happy Bday baloon from Heritage Oven. Premium quality, authentic taste.","Party Supplies, Heritage Oven, Premium Bakery","Happy Bday baloon, Heritage Oven, Party Supplies, Freshly Baked","Birthday, Anniversary, Celebration, Wedding, Party",Budget,"Indulge in the magic of Happy Bday baloon! ✨ Perfectly baked, delightfully fresh. Only at Heritage Oven. 🥯🍰 #HeritageOven #BakeryIndia #FreshlyBaked",False,Daily Specials,Happy Bday baloon Family Pack
party stuff_7,Party Poppers,Handcrafted Party Poppers,79.0,Party Supplies,Party Stuff,Experience the authentic taste of Party Poppers from Heritage Oven. Our time-honored recipes and premium ingredients come together to create a snack that is both nostalgic and modern. Perfect for tea-time or any time you crave a quality bite.,"Deliciously fresh Party Poppers from Heritage Oven. Premium quality, authentic taste.","Party Supplies, Heritage Oven, Premium Bakery","Party Poppers, Heritage Oven, Party Supplies, Freshly Baked","Birthday, Anniversary, Celebration, Wedding, Party",Budget,"Indulge in the magic of Party Poppers! ✨ Perfectly baked, delightfully fresh. Only at Heritage Oven. 🥯🍰 #HeritageOven #BakeryIndia #FreshlyBaked",False,Daily Specials,Party Poppers Family Pack
party stuff_8,Happy Bday Cheap Banner,Premium Happy Bday Cheap Banner,79.0,Party Supplies,Party Stuff,Experience the authentic taste of Happy Bday Cheap Banner from Heritage Oven. Our time-honored recipes and premium ingredients come together to create a snack that is both nostalgic and modern. Perfect for tea-time or any time you crave a quality bite.,"Deliciously fresh Happy Bday Cheap Banner from Heritage Oven. Premium quality, authentic taste.","Party Supplies, Heritage Oven, Premium Bakery","Happy Bday Cheap Banner, Heritage Oven, Party Supplies, Freshly Baked","Birthday, Anniversary, Celebration, Wedding, Party",Budget,"Indulge in the magic of Happy Bday Cheap Banner! ✨ Perfectly baked, delightfully fresh. Only at Heritage Oven. 🥯🍰 #HeritageOven #BakeryIndia #FreshlyBaked",False,Daily Specials,Happy Bday Cheap Banner Family Pack
party stuff_9,Tape,Premium Tape,79.0,Party Supplies,Party Stuff,Experience the authentic taste of Tape from Heritage Oven. Our time-honored recipes and premium ingredients come together to create a snack that is both nostalgic and modern. Perfect for tea-time or any time you crave a quality bite.,"Deliciously fresh Tape from Heritage Oven. Premium quality, authentic taste.","Party Supplies, Heritage Oven, Premium Bakery","Tape, Heritage Oven, Party Supplies, Freshly Baked","Birthday, Anniversary, Celebration, Wedding, Party",Budget,"Indulge in the magic of Tape! ✨ Perfectly baked, delightfully fresh. Only at Heritage Oven. 🥯🍰 #HeritageOven #BakeryIndia #FreshlyBaked",False,Daily Specials,Tape Family Pack
party stuff_10,Pull Flower Ribbon,Signature Pull Flower Ribbon,79.0,Party Supplies,Party Stuff,Experience the authentic taste of Pull Flower Ribbon from Heritage Oven. Our time-honored recipes and premium ingredients come together to create a snack that is both nostalgic and modern. Perfect for tea-time or any time you crave a quality bite.,"Deliciously fresh Pull Flower Ribbon from Heritage Oven. Premium quality, authentic taste.","Party Supplies, Heritage Oven, Premium Bakery","Pull Flower Ribbon, Heritage Oven, Party Supplies, Freshly Baked","Birthday, Anniversary, Celebration, Wedding, Party",Budget,"Indulge in the magic of Pull Flower Ribbon! ✨ Perfectly baked, delightfully fresh. Only at Heritage Oven. 🥯🍰 #HeritageOven #BakeryIndia #FreshlyBaked",False,Daily Specials,Pull Flower Ribbon Family Pack
party stuff_11,Bday Normal Candel,Artisanal Bday Normal Candel,79.0,Party Supplies,Party Stuff,Experience the authentic taste of Bday Normal Candel from Heritage Oven. Our time-honored recipes and premium ingredients come together to create a snack that is both nostalgic and modern. Perfect for tea-time or any time you crave a quality bite.,"Deliciously fresh Bday Normal Candel from Heritage Oven. Premium quality, authentic taste.","Party Supplies, Heritage Oven, Premium Bakery","Bday Normal Candel, Heritage Oven, Party Supplies, Freshly Baked","Birthday, Anniversary, Celebration, Wedding, Party",Budget,"Indulge in the magic of Bday Normal Candel! ✨ Perfectly baked, delightfully fresh. Only at Heritage Oven. 🥯🍰 #HeritageOven #BakeryIndia #FreshlyBaked",False,Daily Specials,Bday Normal Candel Family Pack
party stuff_12,Sparking Candel,Premium Sparking Candel,79.0,Party Supplies,Party Stuff,Experience the authentic taste of Sparking Candel from Heritage Oven. Our time-honored recipes and premium ingredients come together to create a snack that is both nostalgic and modern. Perfect for tea-time or any time you crave a quality bite.,"Deliciously fresh Sparking Candel from Heritage Oven. Premium quality, authentic taste.","Party Supplies, Heritage Oven, Premium Bakery","Sparking Candel, Heritage Oven, Party Supplies, Freshly Baked","Birthday, Anniversary, Celebration, Wedding, Party",Budget,"Indulge in the magic of Sparking Candel! ✨ Perfectly baked, delightfully fresh. Only at Heritage Oven. 🥯🍰 #HeritageOven #BakeryIndia #FreshlyBaked",False,Daily Specials,Sparking Candel Family Pack
party stuff_13,Bride to be,Handcrafted Bride to be,79.0,Party Supplies,Party Stuff,Experience the authentic taste of Bride to be from Heritage Oven. Our time-honored recipes and premium ingredients come together to create a snack that is both nostalgic and modern. Perfect for tea-time or any time you crave a quality bite.,"Deliciously fresh Bride to be from Heritage Oven. Premium quality, authentic taste.","Party Supplies, Heritage Oven, Premium Bakery","Bride to be, Heritage Oven, Party Supplies, Freshly Baked","Birthday, Anniversary, Celebration, Wedding, Party",Budget,"Indulge in the magic of Bride to be! ✨ Perfectly baked, delightfully fresh. Only at Heritage Oven. 🥯🍰 #HeritageOven #BakeryIndia #FreshlyBaked",False,Daily Specials,Bride to be Family Pack
party stuff_14,Bday Girl,Artisanal Bday Girl,79.0,Party Supplies,Party Stuff,Experience the authentic taste of Bday Girl from Heritage Oven. Our time-honored recipes and premium ingredients come together to create a snack that is both nostalgic and modern. Perfect for tea-time or any time you crave a quality bite.,"Deliciously fresh Bday Girl from Heritage Oven. Premium quality, authentic taste.","Party Supplies, Heritage Oven, Premium Bakery","Bday Girl, Heritage Oven, Party Supplies, Freshly Baked","Birthday, Anniversary, Celebration, Wedding, Party",Budget,"Indulge in the magic of Bday Girl! ✨ Perfectly baked, delightfully fresh. Only at Heritage Oven. 🥯🍰 #HeritageOven #BakeryIndia #FreshlyBaked",False,Daily Specials,Bday Girl Family Pack
party stuff_15,Premuim happy bday banner,Heritage Premuim happy bday banner,79.0,Party Supplies,Party Stuff,Experience the authentic taste of Premuim happy bday banner from Heritage Oven. Our time-honored recipes and premium ingredients come together to create a snack that is both nostalgic and modern. Perfect for tea-time or any time you crave a quality bite.,"Deliciously fresh Premuim happy bday banner from Heritage Oven. Premium quality, authentic taste.","Party Supplies, Heritage Oven, Premium Bakery","Premuim happy bday banner, Heritage Oven, Party Supplies, Freshly Baked","Birthday, Anniversary, Celebration, Wedding, Party",Budget,"Indulge in the magic of Premuim happy bday banner! ✨ Perfectly baked, delightfully fresh. Only at Heritage Oven. 🥯🍰 #HeritageOven #BakeryIndia #FreshlyBaked",False,Daily Specials,Premuim happy bday banner Family Pack
party stuff_16,Premuim happy bday banner,Premium Premuim happy bday banner,79.0,Party Supplies,Party Stuff,Experience the authentic taste of Premuim happy bday banner from Heritage Oven. Our time-honored recipes and premium ingredients come together to create a snack that is both nostalgic and modern. Perfect for tea-time or any time you crave a quality bite.,"Deliciously fresh Premuim happy bday banner from Heritage Oven. Premium quality, authentic taste.","Party Supplies, Heritage Oven, Premium Bakery","Premuim happy bday banner, Heritage Oven, Party Supplies, Freshly Baked","Birthday, Anniversary, Celebration, Wedding, Party",Budget,"Indulge in the magic of Premuim happy bday banner! ✨ Perfectly baked, delightfully fresh. Only at Heritage Oven. 🥯🍰 #HeritageOven #BakeryIndia #FreshlyBaked",False,Daily Specials,Premuim happy bday banner Family Pack
party stuff_17,Cheap Caps (golden),Signature Cheap Caps (golden),79.0,Party Supplies,Party Stuff,Experience the authentic taste of Cheap Caps (golden) from Heritage Oven. Our time-honored recipes and premium ingredients come together to create a snack that is both nostalgic and modern. Perfect for tea-time or any time you crave a quality bite.,"Deliciously fresh Cheap Caps (golden) from Heritage Oven. Premium quality, authentic taste.","Party Supplies, Heritage Oven, Premium Bakery","Cheap Caps (golden), Heritage Oven, Party Supplies, Freshly Baked","Birthday, Anniversary, Celebration, Wedding, Party",Budget,"Indulge in the magic of Cheap Caps (golden)! ✨ Perfectly baked, delightfully fresh. Only at Heritage Oven. 🥯🍰 #HeritageOven #BakeryIndia #FreshlyBaked",False,Daily Specials,Cheap Caps (golden) Family Pack
party stuff_18,Happy Bday Sticks,Premium Happy Bday Sticks,79.0,Party Supplies,Party Stuff,Experience the authentic taste of Happy Bday Sticks from Heritage Oven. Our time-honored recipes and premium ingredients come together to create a snack that is both nostalgic and modern. Perfect for tea-time or any time you crave a quality bite.,"Deliciously fresh Happy Bday Sticks from Heritage Oven. Premium quality, authentic taste.","Party Supplies, Heritage Oven, Premium Bakery","Happy Bday Sticks, Heritage Oven, Party Supplies, Freshly Baked","Birthday, Anniversary, Celebration, Wedding, Party",Budget,"Indulge in the magic of Happy Bday Sticks! ✨ Perfectly baked, delightfully fresh. Only at Heritage Oven. 🥯🍰 #HeritageOven #BakeryIndia #FreshlyBaked",False,Daily Specials,Happy Bday Sticks Family Pack
party stuff_19,Baloon Pump,Artisanal Baloon Pump,70.0,Party Supplies,Party Stuff,Experience the authentic taste of Baloon Pump from Heritage Oven. Our time-honored recipes and premium ingredients come together to create a snack that is both nostalgic and modern. Perfect for tea-time or any time you crave a quality bite.,"Deliciously fresh Baloon Pump from Heritage Oven. Premium quality, authentic taste.","Party Supplies, Heritage Oven, Premium Bakery","Baloon Pump, Heritage Oven, Party Supplies, Freshly Baked","Birthday, Anniversary, Celebration, Wedding, Party",Budget,"Indulge in the magic of Baloon Pump! ✨ Perfectly baked, delightfully fresh. Only at Heritage Oven. 🥯🍰 #HeritageOven #BakeryIndia #FreshlyBaked",False,Daily Specials,Baloon Pump Family Pack
party stuff_20,Number Candels,Handcrafted Number Candels,10.0,Party Supplies,Party Stuff,Experience the authentic taste of Number Candels from Heritage Oven. Our time-honored recipes and premium ingredients come together to create a snack that is both nostalgic and modern. Perfect for tea-time or any time you crave a quality bite.,"Deliciously fresh Number Candels from Heritage Oven. Premium quality, authentic taste.","Party Supplies, Heritage Oven, Premium Bakery","Number Candels, Heritage Oven, Party Supplies, Freshly Baked","Birthday, Anniversary, Celebration, Wedding, Party",Budget,"Indulge in the magic of Number Candels! ✨ Perfectly baked, delightfully fresh. Only at Heritage Oven. 🥯🍰 #HeritageOven #BakeryIndia #FreshlyBaked",False,Daily Specials,Number Candels Family Pack
party stuff_21,Happy Bday Premium Caps,Handcrafted Happy Bday Premium Caps,30.0,Party Supplies,Party Stuff,Experience the authentic taste of Happy Bday Premium Caps from Heritage Oven. Our time-honored recipes and premium ingredients come together to create a snack that is both nostalgic and modern. Perfect for tea-time or any time you crave a quality bite.,"Deliciously fresh Happy Bday Premium Caps from Heritage Oven. Premium quality, authentic taste.","Party Supplies, Heritage Oven, Premium Bakery","Happy Bday Premium Caps, Heritage Oven, Party Supplies, Freshly Baked","Birthday, Anniversary, Celebration, Wedding, Party",Budget,"Indulge in the magic of Happy Bday Premium Caps! ✨ Perfectly baked, delightfully fresh. Only at Heritage Oven. 🥯🍰 #HeritageOven #BakeryIndia #FreshlyBaked",False,Daily Specials,Happy Bday Premium Caps Family Pack
party stuff_22,Tiaria ( Jali Wale),Heritage Tiaria ( Jali Wale),30.0,Party Supplies,Party Stuff,Experience the authentic taste of Tiaria ( Jali Wale) from Heritage Oven. Our time-honored recipes and premium ingredients come together to create a snack that is both nostalgic and modern. Perfect for tea-time or any time you crave a quality bite.,"Deliciously fresh Tiaria ( Jali Wale) from Heritage Oven. Premium quality, authentic taste.","Party Supplies, Heritage Oven, Premium Bakery","Tiaria ( Jali Wale), Heritage Oven, Party Supplies, Freshly Baked","Birthday, Anniversary, Celebration, Wedding, Party",Budget,"Indulge in the magic of Tiaria ( Jali Wale)! ✨ Perfectly baked, delightfully fresh. Only at Heritage Oven. 🥯🍰 #HeritageOven #BakeryIndia #FreshlyBaked",False,Daily Specials,Tiaria ( Jali Wale) Family Pack
party stuff_23,Silver Tiara,Heritage Silver Tiara,110.0,Party Supplies,Party Stuff,Experience the authentic taste of Silver Tiara from Heritage Oven. Our time-honored recipes and premium ingredients come together to create a snack that is both nostalgic and modern. Perfect for tea-time or any time you crave a quality bite.,"Deliciously fresh Silver Tiara from Heritage Oven. Premium quality, authentic taste.","Party Supplies, Heritage Oven, Premium Bakery","Silver Tiara, Heritage Oven, Party Supplies, Freshly Baked","Birthday, Anniversary, Celebration, Wedding, Party",Budget,"Indulge in the magic of Silver Tiara! ✨ Perfectly baked, delightfully fresh. Only at Heritage Oven. 🥯🍰 #HeritageOven #BakeryIndia #FreshlyBaked",False,Daily Specials,Silver Tiara Family Pack
pastery_0,Pineapple Pastry,Artisanal Pineapple Pastry,85.0,Pastries,Pastery,"Indulge in a moment of pure bliss with our Pineapple Pastry. Each layer is a testament to Heritage Oven's commitment to quality, blending premium ingredients with artisanal baking techniques. Ideal for a midday treat or a sophisticated dessert.","Deliciously fresh Pineapple Pastry from Heritage Oven. Premium quality, authentic taste.","Heritage Oven, Premium Bakery, Pastries","Pineapple Pastry, Heritage Oven, Pastries, Freshly Baked","Daily Treat, Quick Bite",Budget,"Indulge in the magic of Pineapple Pastry! ✨ Perfectly baked, delightfully fresh. Only at Heritage Oven. 🥯🍰 #HeritageOven #BakeryIndia #FreshlyBaked",True,"Cold Coffee, Fresh Juice, Cookies","Box of 2 Pineapple Pastry + Cold Coffee, Assorted Pastry Box (Set of 4)"
pastery_1,Biscoff Cheese Cake,Signature Biscoff Cheese Cake,180.0,Pastries,Pastery,"Indulge in a moment of pure bliss with our Biscoff Cheese Cake. Each layer is a testament to Heritage Oven's commitment to quality, blending premium ingredients with artisanal baking techniques. Ideal for a midday treat or a sophisticated dessert.","Deliciously fresh Biscoff Cheese Cake from Heritage Oven. Premium quality, authentic taste.","Heritage Oven, Bestseller, Gift Idea, Celebration, Pastries, Premium Bakery","Biscoff Cheese Cake, Heritage Oven, Pastries, Freshly Baked","Daily Treat, Quick Bite",Budget,"Indulge in the magic of Biscoff Cheese Cake! ✨ Perfectly baked, delightfully fresh. Only at Heritage Oven. 🥯🍰 #HeritageOven #BakeryIndia #FreshlyBaked",True,"Cold Coffee, Fresh Juice, Cookies","Box of 2 Biscoff Cheese Cake + Cold Coffee, Assorted Pastry Box (Set of 4)"
pastery_2,Belgium Devil Pastery,Artisanal Belgium Devil Pastery,210.0,Pastries,Pastery,"Indulge in a moment of pure bliss with our Belgium Devil Pastery. Each layer is a testament to Heritage Oven's commitment to quality, blending premium ingredients with artisanal baking techniques. Ideal for a midday treat or a sophisticated dessert.","Deliciously fresh Belgium Devil Pastery from Heritage Oven. Premium quality, authentic taste.","Heritage Oven, Premium Bakery, Pastries","Belgium Devil Pastery, Heritage Oven, Pastries, Freshly Baked","Daily Treat, Quick Bite",Premium,"Indulge in the magic of Belgium Devil Pastery! ✨ Perfectly baked, delightfully fresh. Only at Heritage Oven. 🥯🍰 #HeritageOven #BakeryIndia #FreshlyBaked",True,"Cold Coffee, Fresh Juice, Cookies","Box of 2 Belgium Devil Pastery + Cold Coffee, Assorted Pastry Box (Set of 4)"
pastery_3,Brownie Pastry,Artisanal Brownie Pastry,85.0,Pastries,Pastery,"Indulge in a moment of pure bliss with our Brownie Pastry. Each layer is a testament to Heritage Oven's commitment to quality, blending premium ingredients with artisanal baking techniques. Ideal for a midday treat or a sophisticated dessert.","Deliciously fresh Brownie Pastry from Heritage Oven. Premium quality, authentic taste.","Heritage Oven, Premium Bakery, Pastries","Brownie Pastry, Heritage Oven, Pastries, Freshly Baked","Daily Treat, Quick Bite",Budget,"Indulge in the magic of Brownie Pastry! ✨ Perfectly baked, delightfully fresh. Only at Heritage Oven. 🥯🍰 #HeritageOven #BakeryIndia #FreshlyBaked",False,"Cold Coffee, Fresh Juice, Cookies","Box of 2 Brownie Pastry + Cold Coffee, Assorted Pastry Box (Set of 4)"
pastery_4,Choco truffle,Artisanal Choco truffle,85.0,Pastries,Pastery,"Indulge in a moment of pure bliss with our Choco truffle. Each layer is a testament to Heritage Oven's commitment to quality, blending premium ingredients with artisanal baking techniques. Ideal for a midday treat or a sophisticated dessert.","Deliciously fresh Choco truffle from Heritage Oven. Premium quality, authentic taste.","Heritage Oven, Premium Bakery, Pastries","Choco truffle, Heritage Oven, Pastries, Freshly Baked","Daily Treat, Quick Bite",Budget,"Indulge in the magic of Choco truffle! ✨ Perfectly baked, delightfully fresh. Only at Heritage Oven. 🥯🍰 #HeritageOven #BakeryIndia #FreshlyBaked",True,"Cold Coffee, Fresh Juice, Cookies","Box of 2 Choco truffle + Cold Coffee, Assorted Pastry Box (Set of 4)"
pastery_5,Red Velvet,Artisanal Red Velvet,85.0,Pastries,Pastery,"Indulge in a moment of pure bliss with our Red Velvet. Each layer is a testament to Heritage Oven's commitment to quality, blending premium ingredients with artisanal baking techniques. Ideal for a midday treat or a sophisticated dessert.","Deliciously fresh Red Velvet from Heritage Oven. Premium quality, authentic taste.","Heritage Oven, Premium Bakery, Pastries","Red Velvet, Heritage Oven, Pastries, Freshly Baked","Daily Treat, Quick Bite",Budget,"Indulge in the magic of Red Velvet! ✨ Perfectly baked, delightfully fresh. Only at Heritage Oven. 🥯🍰 #HeritageOven #BakeryIndia #FreshlyBaked",True,"Cold Coffee, Fresh Juice, Cookies","Box of 2 Red Velvet + Cold Coffee, Assorted Pastry Box (Set of 4)"
pastery_6,Badam Pista,Artisanal Badam Pista,85.0,Pastries,Pastery,"Indulge in a moment of pure bliss with our Badam Pista. Each layer is a testament to Heritage Oven's commitment to quality, blending premium ingredients with artisanal baking techniques. Ideal for a midday treat or a sophisticated dessert.","Deliciously fresh Badam Pista from Heritage Oven. Premium quality, authentic taste.","Heritage Oven, Premium Bakery, Pastries","Badam Pista, Heritage Oven, Pastries, Freshly Baked","Daily Treat, Quick Bite",Budget,"Indulge in the magic of Badam Pista! ✨ Perfectly baked, delightfully fresh. Only at Heritage Oven. 🥯🍰 #HeritageOven #BakeryIndia #FreshlyBaked",False,"Cold Coffee, Fresh Juice, Cookies","Box of 2 Badam Pista + Cold Coffee, Assorted Pastry Box (Set of 4)"
pastery_7,Choco Crunch,Artisanal Choco Crunch,85.0,Pastries,Pastery,"Indulge in a moment of pure bliss with our Choco Crunch. Each layer is a testament to Heritage Oven's commitment to quality, blending premium ingredients with artisanal baking techniques. Ideal for a midday treat or a sophisticated dessert.","Deliciously fresh Choco Crunch from Heritage Oven. Premium quality, authentic taste.","Heritage Oven, Premium Bakery, Pastries","Choco Crunch, Heritage Oven, Pastries, Freshly Baked","Daily Treat, Quick Bite",Budget,"Indulge in the magic of Choco Crunch! ✨ Perfectly baked, delightfully fresh. Only at Heritage Oven. 🥯🍰 #HeritageOven #BakeryIndia #FreshlyBaked",False,"Cold Coffee, Fresh Juice, Cookies","Box of 2 Choco Crunch + Cold Coffee, Assorted Pastry Box (Set of 4)"
pastery_8,Blackforest,Artisanal Blackforest,85.0,Pastries,Pastery,"Indulge in a moment of pure bliss with our Blackforest. Each layer is a testament to Heritage Oven's commitment to quality, blending premium ingredients with artisanal baking techniques. Ideal for a midday treat or a sophisticated dessert.","Deliciously fresh Blackforest from Heritage Oven. Premium quality, authentic taste.","Heritage Oven, Premium Bakery, Pastries","Blackforest, Heritage Oven, Pastries, Freshly Baked","Daily Treat, Quick Bite",Budget,"Indulge in the magic of Blackforest! ✨ Perfectly baked, delightfully fresh. Only at Heritage Oven. 🥯🍰 #HeritageOven #BakeryIndia #FreshlyBaked",False,"Cold Coffee, Fresh Juice, Cookies","Box of 2 Blackforest + Cold Coffee, Assorted Pastry Box (Set of 4)"
pastery_9,whiteforest,Artisanal whiteforest,85.0,Pastries,Pastery,"Indulge in a moment of pure bliss with our whiteforest. Each layer is a testament to Heritage Oven's commitment to quality, blending premium ingredients with artisanal baking techniques. Ideal for a midday treat or a sophisticated dessert.","Deliciously fresh whiteforest from Heritage Oven. Premium quality, authentic taste.","Heritage Oven, Premium Bakery, Pastries","whiteforest, Heritage Oven, Pastries, Freshly Baked","Daily Treat, Quick Bite",Budget,"Indulge in the magic of whiteforest! ✨ Perfectly baked, delightfully fresh. Only at Heritage Oven. 🥯🍰 #HeritageOven #BakeryIndia #FreshlyBaked",False,"Cold Coffee, Fresh Juice, Cookies","Box of 2 whiteforest + Cold Coffee, Assorted Pastry Box (Set of 4)"
pastery_10,Casata,Artisanal Casata,90.0,Pastries,Pastery,"Indulge in a moment of pure bliss with our Casata. Each layer is a testament to Heritage Oven's commitment to quality, blending premium ingredients with artisanal baking techniques. Ideal for a midday treat or a sophisticated dessert.","Deliciously fresh Casata from Heritage Oven. Premium quality, authentic taste.","Heritage Oven, Premium Bakery, Pastries","Casata, Heritage Oven, Pastries, Freshly Baked","Daily Treat, Quick Bite",Budget,"Indulge in the magic of Casata! ✨ Perfectly baked, delightfully fresh. Only at Heritage Oven. 🥯🍰 #HeritageOven #BakeryIndia #FreshlyBaked",False,"Cold Coffee, Fresh Juice, Cookies","Box of 2 Casata + Cold Coffee, Assorted Pastry Box (Set of 4)"
pastery_11,BlueBerry Cheese Cake,Signature BlueBerry Cheese Cake,180.0,Pastries,Pastery,"Indulge in a moment of pure bliss with our BlueBerry Cheese Cake. Each layer is a testament to Heritage Oven's commitment to quality, blending premium ingredients with artisanal baking techniques. Ideal for a midday treat or a sophisticated dessert.","Deliciously fresh BlueBerry Cheese Cake from Heritage Oven. Premium quality, authentic taste.","Heritage Oven, Bestseller, Gift Idea, Celebration, Pastries, Premium Bakery","BlueBerry Cheese Cake, Heritage Oven, Pastries, Freshly Baked","Daily Treat, Quick Bite",Budget,"Indulge in the magic of BlueBerry Cheese Cake! ✨ Perfectly baked, delightfully fresh. Only at Heritage Oven. 🥯🍰 #HeritageOven #BakeryIndia #FreshlyBaked",False,"Cold Coffee, Fresh Juice, Cookies","Box of 2 BlueBerry Cheese Cake + Cold Coffee, Assorted Pastry Box (Set of 4)"
biscuits_0,Atta Patti Desi Ghee( 400 GM),Heritage Oven Atta Patti Desi Ghee( 400 GM),320.0,Cookies & Biscuits,Biscuits,Experience the authentic taste of Atta Patti Desi Ghee( 400 GM) from Heritage Oven. Our time-honored recipes and premium ingredients come together to create a snack that is both nostalgic and modern. Perfect for tea-time or any time you crave a quality bite.,"Deliciously fresh Atta Patti Desi Ghee( 400 GM) from Heritage Oven. Premium quality, authentic taste.","Heritage Oven, Tea-time Essential, Indian Snacks, Cookies & Biscuits, Traditional, Premium Bakery","Atta Patti Desi Ghee( 400 GM), Heritage Oven, Cookies & Biscuits, Freshly Baked","Tea Time, Evening Snack, Daily Treat, Office Snack",Premium,"Indulge in the magic of Atta Patti Desi Ghee( 400 GM)! ✨ Perfectly baked, delightfully fresh. Only at Heritage Oven. 🥯🍰 #HeritageOven #BakeryIndia #FreshlyBaked",True,Daily Specials,Atta Patti Desi Ghee( 400 GM) Family Pack
biscuits_1,Atta Patti Desi Ghee( 200 GM),Heritage Oven Atta Patti Desi Ghee( 200 GM),170.0,Cookies & Biscuits,Biscuits,Experience the authentic taste of Atta Patti Desi Ghee( 200 GM) from Heritage Oven. Our time-honored recipes and premium ingredients come together to create a snack that is both nostalgic and modern. Perfect for tea-time or any time you crave a quality bite.,"Deliciously fresh Atta Patti Desi Ghee( 200 GM) from Heritage Oven. Premium quality, authentic taste.","Heritage Oven, Tea-time Essential, Indian Snacks, Cookies & Biscuits, Traditional, Premium Bakery","Atta Patti Desi Ghee( 200 GM), Heritage Oven, Cookies & Biscuits, Freshly Baked","Tea Time, Evening Snack, Daily Treat, Office Snack",Budget,"Indulge in the magic of Atta Patti Desi Ghee( 200 GM)! ✨ Perfectly baked, delightfully fresh. Only at Heritage Oven. 🥯🍰 #HeritageOven #BakeryIndia #FreshlyBaked",False,Daily Specials,Atta Patti Desi Ghee( 200 GM) Family Pack
biscuits_2,Milk Atta Patti Normal ( 400 GM),Heritage Oven Milk Atta Patti Normal ( 400 GM),125.0,Cookies & Biscuits,Biscuits,Experience the authentic taste of Milk Atta Patti Normal ( 400 GM) from Heritage Oven. Our time-honored recipes and premium ingredients come together to create a snack that is both nostalgic and modern. Perfect for tea-time or any time you crave a quality bite.,"Deliciously fresh Milk Atta Patti Normal ( 400 GM) from Heritage Oven. Premium quality, authentic taste.","Heritage Oven, Tea-time Essential, Indian Snacks, Cookies & Biscuits, Traditional, Premium Bakery","Milk Atta Patti Normal ( 400 GM), Heritage Oven, Cookies & Biscuits, Freshly Baked","Tea Time, Evening Snack, Daily Treat, Office Snack",Budget,"Indulge in the magic of Milk Atta Patti Normal ( 400 GM)! ✨ Perfectly baked, delightfully fresh. Only at Heritage Oven. 🥯🍰 #HeritageOven #BakeryIndia #FreshlyBaked",False,Daily Specials,Milk Atta Patti Normal ( 400 GM) Family Pack
biscuits_3,Peanut Biscuits,Heritage Oven Peanut Biscuits,79.0,Cookies & Biscuits,Biscuits,Experience the authentic taste of Peanut Biscuits from Heritage Oven. Our time-honored recipes and premium ingredients come together to create a snack that is both nostalgic and modern. Perfect for tea-time or any time you crave a quality bite.,"Deliciously fresh Peanut Biscuits from Heritage Oven. Premium quality, authentic taste.","Heritage Oven, Tea-time Essential, Indian Snacks, Cookies & Biscuits, Traditional, Premium Bakery","Peanut Biscuits, Heritage Oven, Cookies & Biscuits, Freshly Baked","Tea Time, Evening Snack, Daily Treat, Office Snack",Budget,"Indulge in the magic of Peanut Biscuits! ✨ Perfectly baked, delightfully fresh. Only at Heritage Oven. 🥯🍰 #HeritageOven #BakeryIndia #FreshlyBaked",False,Daily Specials,Peanut Biscuits Family Pack
biscuits_4,Jam Biscuits,Heritage Oven Jam Biscuits,79.0,Cookies & Biscuits,Biscuits,Experience the authentic taste of Jam Biscuits from Heritage Oven. Our time-honored recipes and premium ingredients come together to create a snack that is both nostalgic and modern. Perfect for tea-time or any time you crave a quality bite.,"Deliciously fresh Jam Biscuits from Heritage Oven. Premium quality, authentic taste.","Heritage Oven, Tea-time Essential, Indian Snacks, Cookies & Biscuits, Traditional, Premium Bakery","Jam Biscuits, Heritage Oven, Cookies & Biscuits, Freshly Baked","Tea Time, Evening Snack, Daily Treat, Office Snack",Budget,"Indulge in the magic of Jam Biscuits! ✨ Perfectly baked, delightfully fresh. Only at Heritage Oven. 🥯🍰 #HeritageOven #BakeryIndia #FreshlyBaked",False,Daily Specials,Jam Biscuits Family Pack
biscuits_5,Jeera Biscuits,Heritage Oven Jeera Biscuits,79.0,Cookies & Biscuits,Biscuits,Experience the authentic taste of Jeera Biscuits from Heritage Oven. Our time-honored recipes and premium ingredients come together to create a snack that is both nostalgic and modern. Perfect for tea-time or any time you crave a quality bite.,"Deliciously fresh Jeera Biscuits from Heritage Oven. Premium quality, authentic taste.","Heritage Oven, Tea-time Essential, Indian Snacks, Cookies & Biscuits, Traditional, Premium Bakery","Jeera Biscuits, Heritage Oven, Cookies & Biscuits, Freshly Baked","Tea Time, Evening Snack, Daily Treat, Office Snack",Budget,"Indulge in the magic of Jeera Biscuits! ✨ Perfectly baked, delightfully fresh. Only at Heritage Oven. 🥯🍰 #HeritageOven #BakeryIndia #FreshlyBaked",False,Daily Specials,Jeera Biscuits Family Pack
biscuits_6,Milk Karela Biscuits,Heritage Oven Milk Karela Biscuits,125.0,Cookies & Biscuits,Biscuits,Experience the authentic taste of Milk Karela Biscuits from Heritage Oven. Our time-honored recipes and premium ingredients come together to create a snack that is both nostalgic and modern. Perfect for tea-time or any time you crave a quality bite.,"Deliciously fresh Milk Karela Biscuits from Heritage Oven. Premium quality, authentic taste.","Heritage Oven, Tea-time Essential, Indian Snacks, Cookies & Biscuits, Traditional, Premium Bakery","Milk Karela Biscuits, Heritage Oven, Cookies & Biscuits, Freshly Baked","Tea Time, Evening Snack, Daily Treat, Office Snack",Budget,"Indulge in the magic of Milk Karela Biscuits! ✨ Perfectly baked, delightfully fresh. Only at Heritage Oven. 🥯🍰 #HeritageOven #BakeryIndia #FreshlyBaked",False,Daily Specials,Milk Karela Biscuits Family Pack
biscuits_7,Badam Biscuits,Heritage Oven Badam Biscuits,120.0,Cookies & Biscuits,Biscuits,Experience the authentic taste of Badam Biscuits from Heritage Oven. Our time-honored recipes and premium ingredients come together to create a snack that is both nostalgic and modern. Perfect for tea-time or any time you crave a quality bite.,"Deliciously fresh Badam Biscuits from Heritage Oven. Premium quality, authentic taste.","Heritage Oven, Tea-time Essential, Indian Snacks, Cookies & Biscuits, Traditional, Premium Bakery","Badam Biscuits, Heritage Oven, Cookies & Biscuits, Freshly Baked","Tea Time, Evening Snack, Daily Treat, Office Snack",Budget,"Indulge in the magic of Badam Biscuits! ✨ Perfectly baked, delightfully fresh. Only at Heritage Oven. 🥯🍰 #HeritageOven #BakeryIndia #FreshlyBaked",False,Daily Specials,Badam Biscuits Family Pack
biscuits_8,Kaju Biscuits,Heritage Oven Kaju Biscuits,120.0,Cookies & Biscuits,Biscuits,Experience the authentic taste of Kaju Biscuits from Heritage Oven. Our time-honored recipes and premium ingredients come together to create a snack that is both nostalgic and modern. Perfect for tea-time or any time you crave a quality bite.,"Deliciously fresh Kaju Biscuits from Heritage Oven. Premium quality, authentic taste.","Heritage Oven, Tea-time Essential, Indian Snacks, Cookies & Biscuits, Traditional, Premium Bakery","Kaju Biscuits, Heritage Oven, Cookies & Biscuits, Freshly Baked","Tea Time, Evening Snack, Daily Treat, Office Snack",Budget,"Indulge in the magic of Kaju Biscuits! ✨ Perfectly baked, delightfully fresh. Only at Heritage Oven. 🥯🍰 #HeritageOven #BakeryIndia #FreshlyBaked",False,Daily Specials,Kaju Biscuits Family Pack
biscuits_9,Dry Fruits,Heritage Oven Dry Fruits,120.0,Cookies & Biscuits,Biscuits,Experience the authentic taste of Dry Fruits from Heritage Oven. Our time-honored recipes and premium ingredients come together to create a snack that is both nostalgic and modern. Perfect for tea-time or any time you crave a quality bite.,"Deliciously fresh Dry Fruits from Heritage Oven. Premium quality, authentic taste.","Heritage Oven, Tea-time Essential, Indian Snacks, Cookies & Biscuits, Traditional, Premium Bakery","Dry Fruits, Heritage Oven, Cookies & Biscuits, Freshly Baked","Tea Time, Evening Snack, Daily Treat, Office Snack",Budget,"Indulge in the magic of Dry Fruits! ✨ Perfectly baked, delightfully fresh. Only at Heritage Oven. 🥯🍰 #HeritageOven #BakeryIndia #FreshlyBaked",True,Daily Specials,Dry Fruits Family Pack
biscuits_10,Milk Karela Atta Patti ( 400 GM),Heritage Oven Milk Karela Atta Patti ( 400 GM),125.0,Cookies & Biscuits,Biscuits,Experience the authentic taste of Milk Karela Atta Patti ( 400 GM) from Heritage Oven. Our time-honored recipes and premium ingredients come together to create a snack that is both nostalgic and modern. Perfect for tea-time or any time you crave a quality bite.,"Deliciously fresh Milk Karela Atta Patti ( 400 GM) from Heritage Oven. Premium quality, authentic taste.","Heritage Oven, Tea-time Essential, Indian Snacks, Cookies & Biscuits, Traditional, Premium Bakery","Milk Karela Atta Patti ( 400 GM), Heritage Oven, Cookies & Biscuits, Freshly Baked","Tea Time, Evening Snack, Daily Treat, Office Snack",Budget,"Indulge in the magic of Milk Karela Atta Patti ( 400 GM)! ✨ Perfectly baked, delightfully fresh. Only at Heritage Oven. 🥯🍰 #HeritageOven #BakeryIndia #FreshlyBaked",False,Daily Specials,Milk Karela Atta Patti ( 400 GM) Family Pack
biscuits_11,Basan Khatai,Heritage Oven Basan Khatai,125.0,Cookies & Biscuits,Biscuits,Experience the authentic taste of Basan Khatai from Heritage Oven. Our time-honored recipes and premium ingredients come together to create a snack that is both nostalgic and modern. Perfect for tea-time or any time you crave a quality bite.,"Deliciously fresh Basan Khatai from Heritage Oven. Premium quality, authentic taste.","Heritage Oven, Tea-time Essential, Indian Snacks, Cookies & Biscuits, Traditional, Premium Bakery","Basan Khatai, Heritage Oven, Cookies & Biscuits, Freshly Baked","Tea Time, Evening Snack, Daily Treat, Office Snack",Budget,"Indulge in the magic of Basan Khatai! ✨ Perfectly baked, delightfully fresh. Only at Heritage Oven. 🥯🍰 #HeritageOven #BakeryIndia #FreshlyBaked",False,Daily Specials,Basan Khatai Family Pack
biscuits_12,Biscuit Tori,Heritage Oven Biscuit Tori,500.0,Cookies & Biscuits,Biscuits,Experience the authentic taste of Biscuit Tori from Heritage Oven. Our time-honored recipes and premium ingredients come together to create a snack that is both nostalgic and modern. Perfect for tea-time or any time you crave a quality bite.,"Deliciously fresh Biscuit Tori from Heritage Oven. Premium quality, authentic taste.","Heritage Oven, Tea-time Essential, Indian Snacks, Cookies & Biscuits, Traditional, Premium Bakery","Biscuit Tori, Heritage Oven, Cookies & Biscuits, Freshly Baked","Tea Time, Evening Snack, Daily Treat, Office Snack",Premium,"Indulge in the magic of Biscuit Tori! ✨ Perfectly baked, delightfully fresh. Only at Heritage Oven. 🥯🍰 #HeritageOven #BakeryIndia #FreshlyBaked",False,Daily Specials,Biscuit Tori Family Pack
cold drinks_0,Amul badam,Signature Amul badam,20.0,Beverages,Cold Drinks,Experience the authentic taste of Amul badam from Heritage Oven. Our time-honored recipes and premium ingredients come together to create a snack that is both nostalgic and modern. Perfect for tea-time or any time you crave a quality bite.,"Deliciously fresh Amul badam from Heritage Oven. Premium quality, authentic taste.","Heritage Oven, Premium Bakery, Beverages","Amul badam, Heritage Oven, Beverages, Freshly Baked","Daily Treat, Quick Bite",Budget,"Indulge in the magic of Amul badam! ✨ Perfectly baked, delightfully fresh. Only at Heritage Oven. 🥯🍰 #HeritageOven #BakeryIndia #FreshlyBaked",False,Daily Specials,Amul badam Family Pack
cold drinks_1,Amul Kesar,Artisanal Amul Kesar,25.0,Beverages,Cold Drinks,Experience the authentic taste of Amul Kesar from Heritage Oven. Our time-honored recipes and premium ingredients come together to create a snack that is both nostalgic and modern. Perfect for tea-time or any time you crave a quality bite.,"Deliciously fresh Amul Kesar from Heritage Oven. Premium quality, authentic taste.","Heritage Oven, Premium Bakery, Beverages","Amul Kesar, Heritage Oven, Beverages, Freshly Baked","Daily Treat, Quick Bite",Budget,"Indulge in the magic of Amul Kesar! ✨ Perfectly baked, delightfully fresh. Only at Heritage Oven. 🥯🍰 #HeritageOven #BakeryIndia #FreshlyBaked",False,Daily Specials,Amul Kesar Family Pack
cold drinks_2,Amul Kesar Badam,Premium Amul Kesar Badam,20.0,Beverages,Cold Drinks,Experience the authentic taste of Amul Kesar Badam from Heritage Oven. Our time-honored recipes and premium ingredients come together to create a snack that is both nostalgic and modern. Perfect for tea-time or any time you crave a quality bite.,"Deliciously fresh Amul Kesar Badam from Heritage Oven. Premium quality, authentic taste.","Heritage Oven, Premium Bakery, Beverages","Amul Kesar Badam, Heritage Oven, Beverages, Freshly Baked","Daily Treat, Quick Bite",Budget,"Indulge in the magic of Amul Kesar Badam! ✨ Perfectly baked, delightfully fresh. Only at Heritage Oven. 🥯🍰 #HeritageOven #BakeryIndia #FreshlyBaked",False,Daily Specials,Amul Kesar Badam Family Pack
cold drinks_3,Amul Lassi,Premium Amul Lassi,25.0,Beverages,Cold Drinks,Experience the authentic taste of Amul Lassi from Heritage Oven. Our time-honored recipes and premium ingredients come together to create a snack that is both nostalgic and modern. Perfect for tea-time or any time you crave a quality bite.,"Deliciously fresh Amul Lassi from Heritage Oven. Premium quality, authentic taste.","Heritage Oven, Premium Bakery, Beverages","Amul Lassi, Heritage Oven, Beverages, Freshly Baked","Daily Treat, Quick Bite",Budget,"Indulge in the magic of Amul Lassi! ✨ Perfectly baked, delightfully fresh. Only at Heritage Oven. 🥯🍰 #HeritageOven #BakeryIndia #FreshlyBaked",False,Daily Specials,Amul Lassi Family Pack
cold drinks_4,Amul milk royal ilachi,Handcrafted Amul milk royal ilachi,30.0,Beverages,Cold Drinks,Experience the authentic taste of Amul milk royal ilachi from Heritage Oven. Our time-honored recipes and premium ingredients come together to create a snack that is both nostalgic and modern. Perfect for tea-time or any time you crave a quality bite.,"Deliciously fresh Amul milk royal ilachi from Heritage Oven. Premium quality, authentic taste.","Heritage Oven, Premium Bakery, Beverages","Amul milk royal ilachi, Heritage Oven, Beverages, Freshly Baked","Daily Treat, Quick Bite",Budget,"Indulge in the magic of Amul milk royal ilachi! ✨ Perfectly baked, delightfully fresh. Only at Heritage Oven. 🥯🍰 #HeritageOven #BakeryIndia #FreshlyBaked",False,Daily Specials,Amul milk royal ilachi Family Pack
cold drinks_5,Auqafast 500 ml water,Premium Auqafast 500 ml water,10.0,Beverages,Cold Drinks,Experience the authentic taste of Auqafast 500 ml water from Heritage Oven. Our time-honored recipes and premium ingredients come together to create a snack that is both nostalgic and modern. Perfect for tea-time or any time you crave a quality bite.,"Deliciously fresh Auqafast 500 ml water from Heritage Oven. Premium quality, authentic taste.","Heritage Oven, Premium Bakery, Beverages","Auqafast 500 ml water, Heritage Oven, Beverages, Freshly Baked","Daily Treat, Quick Bite",Budget,"Indulge in the magic of Auqafast 500 ml water! ✨ Perfectly baked, delightfully fresh. Only at Heritage Oven. 🥯🍰 #HeritageOven #BakeryIndia #FreshlyBaked",False,Daily Specials,Auqafast 500 ml water Family Pack
cold drinks_6,Belgium almond bar,Premium Belgium almond bar,40.0,Beverages,Cold Drinks,Experience the authentic taste of Belgium almond bar from Heritage Oven. Our time-honored recipes and premium ingredients come together to create a snack that is both nostalgic and modern. Perfect for tea-time or any time you crave a quality bite.,"Deliciously fresh Belgium almond bar from Heritage Oven. Premium quality, authentic taste.","Heritage Oven, Premium Bakery, Beverages","Belgium almond bar, Heritage Oven, Beverages, Freshly Baked","Daily Treat, Quick Bite",Budget,"Indulge in the magic of Belgium almond bar! ✨ Perfectly baked, delightfully fresh. Only at Heritage Oven. 🥯🍰 #HeritageOven #BakeryIndia #FreshlyBaked",False,Daily Specials,Belgium almond bar Family Pack
cold drinks_7,Bisleri Bottle Big,Artisanal Bisleri Bottle Big,20.0,Beverages,Cold Drinks,Experience the authentic taste of Bisleri Bottle Big from Heritage Oven. Our time-honored recipes and premium ingredients come together to create a snack that is both nostalgic and modern. Perfect for tea-time or any time you crave a quality bite.,"Deliciously fresh Bisleri Bottle Big from Heritage Oven. Premium quality, authentic taste.","Heritage Oven, Premium Bakery, Beverages","Bisleri Bottle Big, Heritage Oven, Beverages, Freshly Baked","Daily Treat, Quick Bite",Budget,"Indulge in the magic of Bisleri Bottle Big! ✨ Perfectly baked, delightfully fresh. Only at Heritage Oven. 🥯🍰 #HeritageOven #BakeryIndia #FreshlyBaked",False,Daily Specials,Bisleri Bottle Big Family Pack
cold drinks_8,Bisleri Bottle Medium,Artisanal Bisleri Bottle Medium,10.0,Beverages,Cold Drinks,Experience the authentic taste of Bisleri Bottle Medium from Heritage Oven. Our time-honored recipes and premium ingredients come together to create a snack that is both nostalgic and modern. Perfect for tea-time or any time you crave a quality bite.,"Deliciously fresh Bisleri Bottle Medium from Heritage Oven. Premium quality, authentic taste.","Heritage Oven, Premium Bakery, Beverages","Bisleri Bottle Medium, Heritage Oven, Beverages, Freshly Baked","Daily Treat, Quick Bite",Budget,"Indulge in the magic of Bisleri Bottle Medium! ✨ Perfectly baked, delightfully fresh. Only at Heritage Oven. 🥯🍰 #HeritageOven #BakeryIndia #FreshlyBaked",False,Daily Specials,Bisleri Bottle Medium Family Pack
cold drinks_9,Bisleri Bottle Small,Artisanal Bisleri Bottle Small,5.0,Beverages,Cold Drinks,Experience the authentic taste of Bisleri Bottle Small from Heritage Oven. Our time-honored recipes and premium ingredients come together to create a snack that is both nostalgic and modern. Perfect for tea-time or any time you crave a quality bite.,"Deliciously fresh Bisleri Bottle Small from Heritage Oven. Premium quality, authentic taste.","Heritage Oven, Premium Bakery, Beverages","Bisleri Bottle Small, Heritage Oven, Beverages, Freshly Baked","Daily Treat, Quick Bite",Budget,"Indulge in the magic of Bisleri Bottle Small! ✨ Perfectly baked, delightfully fresh. Only at Heritage Oven. 🥯🍰 #HeritageOven #BakeryIndia #FreshlyBaked",False,Daily Specials,Bisleri Bottle Small Family Pack
cold drinks_10,Bisleri Soda Bottle Medium,Artisanal Bisleri Soda Bottle Medium,20.0,Beverages,Cold Drinks,Experience the authentic taste of Bisleri Soda Bottle Medium from Heritage Oven. Our time-honored recipes and premium ingredients come together to create a snack that is both nostalgic and modern. Perfect for tea-time or any time you crave a quality bite.,"Deliciously fresh Bisleri Soda Bottle Medium from Heritage Oven. Premium quality, authentic taste.","Heritage Oven, Premium Bakery, Beverages","Bisleri Soda Bottle Medium, Heritage Oven, Beverages, Freshly Baked","Daily Treat, Quick Bite",Budget,"Indulge in the magic of Bisleri Soda Bottle Medium! ✨ Perfectly baked, delightfully fresh. Only at Heritage Oven. 🥯🍰 #HeritageOven #BakeryIndia #FreshlyBaked",False,Daily Specials,Bisleri Soda Bottle Medium Family Pack
cold drinks_11,Choclate bar 20,Artisanal Choclate bar 20,20.0,Beverages,Cold Drinks,Experience the authentic taste of Choclate bar 20 from Heritage Oven. Our time-honored recipes and premium ingredients come together to create a snack that is both nostalgic and modern. Perfect for tea-time or any time you crave a quality bite.,"Deliciously fresh Choclate bar 20 from Heritage Oven. Premium quality, authentic taste.","Heritage Oven, Premium Bakery, Beverages","Choclate bar 20, Heritage Oven, Beverages, Freshly Baked","Daily Treat, Quick Bite",Budget,"Indulge in the magic of Choclate bar 20! ✨ Perfectly baked, delightfully fresh. Only at Heritage Oven. 🥯🍰 #HeritageOven #BakeryIndia #FreshlyBaked",False,Daily Specials,Choclate bar 20 Family Pack
cold drinks_12,Coca Cola 2L,Handcrafted Coca Cola 2L,85.0,Beverages,Cold Drinks,Experience the authentic taste of Coca Cola 2L from Heritage Oven. Our time-honored recipes and premium ingredients come together to create a snack that is both nostalgic and modern. Perfect for tea-time or any time you crave a quality bite.,"Deliciously fresh Coca Cola 2L from Heritage Oven. Premium quality, authentic taste.","Heritage Oven, Premium Bakery, Beverages","Coca Cola 2L, Heritage Oven, Beverages, Freshly Baked","Daily Treat, Quick Bite",Budget,"Indulge in the magic of Coca Cola 2L! ✨ Perfectly baked, delightfully fresh. Only at Heritage Oven. 🥯🍰 #HeritageOven #BakeryIndia #FreshlyBaked",False,Daily Specials,Coca Cola 2L Family Pack
cold drinks_13,Coca Cola Can,Artisanal Coca Cola Can,30.0,Beverages,Cold Drinks,Experience the authentic taste of Coca Cola Can from Heritage Oven. Our time-honored recipes and premium ingredients come together to create a snack that is both nostalgic and modern. Perfect for tea-time or any time you crave a quality bite.,"Deliciously fresh Coca Cola Can from Heritage Oven. Premium quality, authentic taste.","Heritage Oven, Premium Bakery, Beverages","Coca Cola Can, Heritage Oven, Beverages, Freshly Baked","Daily Treat, Quick Bite",Budget,"Indulge in the magic of Coca Cola Can! ✨ Perfectly baked, delightfully fresh. Only at Heritage Oven. 🥯🍰 #HeritageOven #BakeryIndia #FreshlyBaked",False,Daily Specials,Coca Cola Can Family Pack
cold drinks_14,Coca Cola Small,Heritage Coca Cola Small,20.0,Beverages,Cold Drinks,Experience the authentic taste of Coca Cola Small from Heritage Oven. Our time-honored recipes and premium ingredients come together to create a snack that is both nostalgic and modern. Perfect for tea-time or any time you crave a quality bite.,"Deliciously fresh Coca Cola Small from Heritage Oven. Premium quality, authentic taste.","Heritage Oven, Premium Bakery, Beverages","Coca Cola Small, Heritage Oven, Beverages, Freshly Baked","Daily Treat, Quick Bite",Budget,"Indulge in the magic of Coca Cola Small! ✨ Perfectly baked, delightfully fresh. Only at Heritage Oven. 🥯🍰 #HeritageOven #BakeryIndia #FreshlyBaked",False,Daily Specials,Coca Cola Small Family Pack
cold drinks_15,Diet Coke Can,Heritage Diet Coke Can,30.0,Beverages,Cold Drinks,Experience the authentic taste of Diet Coke Can from Heritage Oven. Our time-honored recipes and premium ingredients come together to create a snack that is both nostalgic and modern. Perfect for tea-time or any time you crave a quality bite.,"Deliciously fresh Diet Coke Can from Heritage Oven. Premium quality, authentic taste.","Heritage Oven, Premium Bakery, Beverages","Diet Coke Can, Heritage Oven, Beverages, Freshly Baked","Daily Treat, Quick Bite",Budget,"Indulge in the magic of Diet Coke Can! ✨ Perfectly baked, delightfully fresh. Only at Heritage Oven. 🥯🍰 #HeritageOven #BakeryIndia #FreshlyBaked",False,Daily Specials,Diet Coke Can Family Pack
cold drinks_16,Fanta 1L,Signature Fanta 1L,50.0,Beverages,Cold Drinks,Experience the authentic taste of Fanta 1L from Heritage Oven. Our time-honored recipes and premium ingredients come together to create a snack that is both nostalgic and modern. Perfect for tea-time or any time you crave a quality bite.,"Deliciously fresh Fanta 1L from Heritage Oven. Premium quality, authentic taste.","Heritage Oven, Premium Bakery, Beverages","Fanta 1L, Heritage Oven, Beverages, Freshly Baked","Daily Treat, Quick Bite",Budget,"Indulge in the magic of Fanta 1L! ✨ Perfectly baked, delightfully fresh. Only at Heritage Oven. 🥯🍰 #HeritageOven #BakeryIndia #FreshlyBaked",False,Daily Specials,Fanta 1L Family Pack
cold drinks_17,Fanta 2L,Handcrafted Fanta 2L,85.0,Beverages,Cold Drinks,Experience the authentic taste of Fanta 2L from Heritage Oven. Our time-honored recipes and premium ingredients come together to create a snack that is both nostalgic and modern. Perfect for tea-time or any time you crave a quality bite.,"Deliciously fresh Fanta 2L from Heritage Oven. Premium quality, authentic taste.","Heritage Oven, Premium Bakery, Beverages","Fanta 2L, Heritage Oven, Beverages, Freshly Baked","Daily Treat, Quick Bite",Budget,"Indulge in the magic of Fanta 2L! ✨ Perfectly baked, delightfully fresh. Only at Heritage Oven. 🥯🍰 #HeritageOven #BakeryIndia #FreshlyBaked",False,Daily Specials,Fanta 2L Family Pack
cold drinks_18,Fanta small,Heritage Fanta small,20.0,Beverages,Cold Drinks,Experience the authentic taste of Fanta small from Heritage Oven. Our time-honored recipes and premium ingredients come together to create a snack that is both nostalgic and modern. Perfect for tea-time or any time you crave a quality bite.,"Deliciously fresh Fanta small from Heritage Oven. Premium quality, authentic taste.","Heritage Oven, Premium Bakery, Beverages","Fanta small, Heritage Oven, Beverages, Freshly Baked","Daily Treat, Quick Bite",Budget,"Indulge in the magic of Fanta small! ✨ Perfectly baked, delightfully fresh. Only at Heritage Oven. 🥯🍰 #HeritageOven #BakeryIndia #FreshlyBaked",True,Daily Specials,Fanta small Family Pack
cold drinks_19,Hell Can,Artisanal Hell Can,60.0,Beverages,Cold Drinks,Experience the authentic taste of Hell Can from Heritage Oven. Our time-honored recipes and premium ingredients come together to create a snack that is both nostalgic and modern. Perfect for tea-time or any time you crave a quality bite.,"Deliciously fresh Hell Can from Heritage Oven. Premium quality, authentic taste.","Heritage Oven, Premium Bakery, Beverages","Hell Can, Heritage Oven, Beverages, Freshly Baked","Daily Treat, Quick Bite",Budget,"Indulge in the magic of Hell Can! ✨ Perfectly baked, delightfully fresh. Only at Heritage Oven. 🥯🍰 #HeritageOven #BakeryIndia #FreshlyBaked",True,Daily Specials,Hell Can Family Pack
cold drinks_20,kingfisher Soda Bottle Medium,Handcrafted kingfisher Soda Bottle Medium,20.0,Beverages,Cold Drinks,Experience the authentic taste of kingfisher Soda Bottle Medium from Heritage Oven. Our time-honored recipes and premium ingredients come together to create a snack that is both nostalgic and modern. Perfect for tea-time or any time you crave a quality bite.,"Deliciously fresh kingfisher Soda Bottle Medium from Heritage Oven. Premium quality, authentic taste.","Heritage Oven, Premium Bakery, Beverages","kingfisher Soda Bottle Medium, Heritage Oven, Beverages, Freshly Baked","Daily Treat, Quick Bite",Budget,"Indulge in the magic of kingfisher Soda Bottle Medium! ✨ Perfectly baked, delightfully fresh. Only at Heritage Oven. 🥯🍰 #HeritageOven #BakeryIndia #FreshlyBaked",False,Daily Specials,kingfisher Soda Bottle Medium Family Pack
cold drinks_21,Lahori Jeera,Signature Lahori Jeera,10.0,Beverages,Cold Drinks,Experience the authentic taste of Lahori Jeera from Heritage Oven. Our time-honored recipes and premium ingredients come together to create a snack that is both nostalgic and modern. Perfect for tea-time or any time you crave a quality bite.,"Deliciously fresh Lahori Jeera from Heritage Oven. Premium quality, authentic taste.","Heritage Oven, Premium Bakery, Beverages","Lahori Jeera, Heritage Oven, Beverages, Freshly Baked","Daily Treat, Quick Bite",Budget,"Indulge in the magic of Lahori Jeera! ✨ Perfectly baked, delightfully fresh. Only at Heritage Oven. 🥯🍰 #HeritageOven #BakeryIndia #FreshlyBaked",True,Daily Specials,Lahori Jeera Family Pack
cold drinks_22,Limca 1L,Artisanal Limca 1L,50.0,Beverages,Cold Drinks,Experience the authentic taste of Limca 1L from Heritage Oven. Our time-honored recipes and premium ingredients come together to create a snack that is both nostalgic and modern. Perfect for tea-time or any time you crave a quality bite.,"Deliciously fresh Limca 1L from Heritage Oven. Premium quality, authentic taste.","Heritage Oven, Premium Bakery, Beverages","Limca 1L, Heritage Oven, Beverages, Freshly Baked","Daily Treat, Quick Bite",Budget,"Indulge in the magic of Limca 1L! ✨ Perfectly baked, delightfully fresh. Only at Heritage Oven. 🥯🍰 #HeritageOven #BakeryIndia #FreshlyBaked",False,Daily Specials,Limca 1L Family Pack
cold drinks_23,Limca 2L,Heritage Limca 2L,85.0,Beverages,Cold Drinks,Experience the authentic taste of Limca 2L from Heritage Oven. Our time-honored recipes and premium ingredients come together to create a snack that is both nostalgic and modern. Perfect for tea-time or any time you crave a quality bite.,"Deliciously fresh Limca 2L from Heritage Oven. Premium quality, authentic taste.","Heritage Oven, Premium Bakery, Beverages","Limca 2L, Heritage Oven, Beverages, Freshly Baked","Daily Treat, Quick Bite",Budget,"Indulge in the magic of Limca 2L! ✨ Perfectly baked, delightfully fresh. Only at Heritage Oven. 🥯🍰 #HeritageOven #BakeryIndia #FreshlyBaked",False,Daily Specials,Limca 2L Family Pack
cold drinks_24,Limca small,Heritage Limca small,20.0,Beverages,Cold Drinks,Experience the authentic taste of Limca small from Heritage Oven. Our time-honored recipes and premium ingredients come together to create a snack that is both nostalgic and modern. Perfect for tea-time or any time you crave a quality bite.,"Deliciously fresh Limca small from Heritage Oven. Premium quality, authentic taste.","Heritage Oven, Premium Bakery, Beverages","Limca small, Heritage Oven, Beverages, Freshly Baked","Daily Treat, Quick Bite",Budget,"Indulge in the magic of Limca small! ✨ Perfectly baked, delightfully fresh. Only at Heritage Oven. 🥯🍰 #HeritageOven #BakeryIndia #FreshlyBaked",False,Daily Specials,Limca small Family Pack
cold drinks_25,Maza,Handcrafted Maza,10.0,Beverages,Cold Drinks,Experience the authentic taste of Maza from Heritage Oven. Our time-honored recipes and premium ingredients come together to create a snack that is both nostalgic and modern. Perfect for tea-time or any time you crave a quality bite.,"Deliciously fresh Maza from Heritage Oven. Premium quality, authentic taste.","Heritage Oven, Premium Bakery, Beverages","Maza, Heritage Oven, Beverages, Freshly Baked","Daily Treat, Quick Bite",Budget,"Indulge in the magic of Maza! ✨ Perfectly baked, delightfully fresh. Only at Heritage Oven. 🥯🍰 #HeritageOven #BakeryIndia #FreshlyBaked",False,Daily Specials,Maza Family Pack
cold drinks_26,Mother dairly rabri lassi,Handcrafted Mother dairly rabri lassi,20.0,Beverages,Cold Drinks,Experience the authentic taste of Mother dairly rabri lassi from Heritage Oven. Our time-honored recipes and premium ingredients come together to create a snack that is both nostalgic and modern. Perfect for tea-time or any time you crave a quality bite.,"Deliciously fresh Mother dairly rabri lassi from Heritage Oven. Premium quality, authentic taste.","Heritage Oven, Premium Bakery, Beverages","Mother dairly rabri lassi, Heritage Oven, Beverages, Freshly Baked","Daily Treat, Quick Bite",Budget,"Indulge in the magic of Mother dairly rabri lassi! ✨ Perfectly baked, delightfully fresh. Only at Heritage Oven. 🥯🍰 #HeritageOven #BakeryIndia #FreshlyBaked",False,Daily Specials,Mother dairly rabri lassi Family Pack
cold drinks_27,Mother dairly lassi,Handcrafted Mother dairly lassi,20.0,Beverages,Cold Drinks,Experience the authentic taste of Mother dairly lassi from Heritage Oven. Our time-honored recipes and premium ingredients come together to create a snack that is both nostalgic and modern. Perfect for tea-time or any time you crave a quality bite.,"Deliciously fresh Mother dairly lassi from Heritage Oven. Premium quality, authentic taste.","Heritage Oven, Premium Bakery, Beverages","Mother dairly lassi, Heritage Oven, Beverages, Freshly Baked","Daily Treat, Quick Bite",Budget,"Indulge in the magic of Mother dairly lassi! ✨ Perfectly baked, delightfully fresh. Only at Heritage Oven. 🥯🍰 #HeritageOven #BakeryIndia #FreshlyBaked",False,Daily Specials,Mother dairly lassi Family Pack
cold drinks_28,Non Stop,Premium Non Stop,55.0,Beverages,Cold Drinks,Experience the authentic taste of Non Stop from Heritage Oven. Our time-honored recipes and premium ingredients come together to create a snack that is both nostalgic and modern. Perfect for tea-time or any time you crave a quality bite.,"Deliciously fresh Non Stop from Heritage Oven. Premium quality, authentic taste.","Heritage Oven, Premium Bakery, Beverages","Non Stop, Heritage Oven, Beverages, Freshly Baked","Daily Treat, Quick Bite",Budget,"Indulge in the magic of Non Stop! ✨ Perfectly baked, delightfully fresh. Only at Heritage Oven. 🥯🍰 #HeritageOven #BakeryIndia #FreshlyBaked",False,Daily Specials,Non Stop Family Pack
cold drinks_29,Red Bull,Artisanal Red Bull,125.0,Beverages,Cold Drinks,Experience the authentic taste of Red Bull from Heritage Oven. Our time-honored recipes and premium ingredients come together to create a snack that is both nostalgic and modern. Perfect for tea-time or any time you crave a quality bite.,"Deliciously fresh Red Bull from Heritage Oven. Premium quality, authentic taste.","Heritage Oven, Premium Bakery, Beverages","Red Bull, Heritage Oven, Beverages, Freshly Baked","Daily Treat, Quick Bite",Budget,"Indulge in the magic of Red Bull! ✨ Perfectly baked, delightfully fresh. Only at Heritage Oven. 🥯🍰 #HeritageOven #BakeryIndia #FreshlyBaked",False,Daily Specials,Red Bull Family Pack
cold drinks_30,Sprite 1L,Artisanal Sprite 1L,50.0,Beverages,Cold Drinks,Experience the authentic taste of Sprite 1L from Heritage Oven. Our time-honored recipes and premium ingredients come together to create a snack that is both nostalgic and modern. Perfect for tea-time or any time you crave a quality bite.,"Deliciously fresh Sprite 1L from Heritage Oven. Premium quality, authentic taste.","Heritage Oven, Premium Bakery, Beverages","Sprite 1L, Heritage Oven, Beverages, Freshly Baked","Daily Treat, Quick Bite",Budget,"Indulge in the magic of Sprite 1L! ✨ Perfectly baked, delightfully fresh. Only at Heritage Oven. 🥯🍰 #HeritageOven #BakeryIndia #FreshlyBaked",False,Daily Specials,Sprite 1L Family Pack
cold drinks_31,Sprite 2L,Heritage Sprite 2L,85.0,Beverages,Cold Drinks,Experience the authentic taste of Sprite 2L from Heritage Oven. Our time-honored recipes and premium ingredients come together to create a snack that is both nostalgic and modern. Perfect for tea-time or any time you crave a quality bite.,"Deliciously fresh Sprite 2L from Heritage Oven. Premium quality, authentic taste.","Heritage Oven, Premium Bakery, Beverages","Sprite 2L, Heritage Oven, Beverages, Freshly Baked","Daily Treat, Quick Bite",Budget,"Indulge in the magic of Sprite 2L! ✨ Perfectly baked, delightfully fresh. Only at Heritage Oven. 🥯🍰 #HeritageOven #BakeryIndia #FreshlyBaked",False,Daily Specials,Sprite 2L Family Pack
cold drinks_32,Sprite small,Artisanal Sprite small,20.0,Beverages,Cold Drinks,Experience the authentic taste of Sprite small from Heritage Oven. Our time-honored recipes and premium ingredients come together to create a snack that is both nostalgic and modern. Perfect for tea-time or any time you crave a quality bite.,"Deliciously fresh Sprite small from Heritage Oven. Premium quality, authentic taste.","Heritage Oven, Premium Bakery, Beverages","Sprite small, Heritage Oven, Beverages, Freshly Baked","Daily Treat, Quick Bite",Budget,"Indulge in the magic of Sprite small! ✨ Perfectly baked, delightfully fresh. Only at Heritage Oven. 🥯🍰 #HeritageOven #BakeryIndia #FreshlyBaked",False,Daily Specials,Sprite small Family Pack
cold drinks_33,Sting,Premium Sting,20.0,Beverages,Cold Drinks,Experience the authentic taste of Sting from Heritage Oven. Our time-honored recipes and premium ingredients come together to create a snack that is both nostalgic and modern. Perfect for tea-time or any time you crave a quality bite.,"Deliciously fresh Sting from Heritage Oven. Premium quality, authentic taste.","Heritage Oven, Premium Bakery, Beverages","Sting, Heritage Oven, Beverages, Freshly Baked","Daily Treat, Quick Bite",Budget,"Indulge in the magic of Sting! ✨ Perfectly baked, delightfully fresh. Only at Heritage Oven. 🥯🍰 #HeritageOven #BakeryIndia #FreshlyBaked",False,Daily Specials,Sting Family Pack
cold drinks_34,Thumbs Up 2L,Artisanal Thumbs Up 2L,85.0,Beverages,Cold Drinks,Experience the authentic taste of Thumbs Up 2L from Heritage Oven. Our time-honored recipes and premium ingredients come together to create a snack that is both nostalgic and modern. Perfect for tea-time or any time you crave a quality bite.,"Deliciously fresh Thumbs Up 2L from Heritage Oven. Premium quality, authentic taste.","Heritage Oven, Premium Bakery, Beverages","Thumbs Up 2L, Heritage Oven, Beverages, Freshly Baked","Daily Treat, Quick Bite",Budget,"Indulge in the magic of Thumbs Up 2L! ✨ Perfectly baked, delightfully fresh. Only at Heritage Oven. 🥯🍰 #HeritageOven #BakeryIndia #FreshlyBaked",False,Daily Specials,Thumbs Up 2L Family Pack
cold drinks_35,Thumps up,Signature Thumps up,20.0,Beverages,Cold Drinks,Experience the authentic taste of Thumps up from Heritage Oven. Our time-honored recipes and premium ingredients come together to create a snack that is both nostalgic and modern. Perfect for tea-time or any time you crave a quality bite.,"Deliciously fresh Thumps up from Heritage Oven. Premium quality, authentic taste.","Heritage Oven, Premium Bakery, Beverages","Thumps up, Heritage Oven, Beverages, Freshly Baked","Daily Treat, Quick Bite",Budget,"Indulge in the magic of Thumps up! ✨ Perfectly baked, delightfully fresh. Only at Heritage Oven. 🥯🍰 #HeritageOven #BakeryIndia #FreshlyBaked",False,Daily Specials,Thumps up Family Pack
cold drinks_36,Thums ups 1L,Signature Thums ups 1L,50.0,Beverages,Cold Drinks,Experience the authentic taste of Thums ups 1L from Heritage Oven. Our time-honored recipes and premium ingredients come together to create a snack that is both nostalgic and modern. Perfect for tea-time or any time you crave a quality bite.,"Deliciously fresh Thums ups 1L from Heritage Oven. Premium quality, authentic taste.","Heritage Oven, Premium Bakery, Beverages","Thums ups 1L, Heritage Oven, Beverages, Freshly Baked","Daily Treat, Quick Bite",Budget,"Indulge in the magic of Thums ups 1L! ✨ Perfectly baked, delightfully fresh. Only at Heritage Oven. 🥯🍰 #HeritageOven #BakeryIndia #FreshlyBaked",False,Daily Specials,Thums ups 1L Family Pack
cold drinks_37,tonic water,Artisanal tonic water,60.0,Beverages,Cold Drinks,Experience the authentic taste of tonic water from Heritage Oven. Our time-honored recipes and premium ingredients come together to create a snack that is both nostalgic and modern. Perfect for tea-time or any time you crave a quality bite.,"Deliciously fresh tonic water from Heritage Oven. Premium quality, authentic taste.","Heritage Oven, Premium Bakery, Beverages","tonic water, Heritage Oven, Beverages, Freshly Baked","Daily Treat, Quick Bite",Budget,"Indulge in the magic of tonic water! ✨ Perfectly baked, delightfully fresh. Only at Heritage Oven. 🥯🍰 #HeritageOven #BakeryIndia #FreshlyBaked",False,Daily Specials,tonic water Family Pack
cold drinks_38,Tonic Water,Handcrafted Tonic Water,60.0,Beverages,Cold Drinks,Experience the authentic taste of Tonic Water from Heritage Oven. Our time-honored recipes and premium ingredients come together to create a snack that is both nostalgic and modern. Perfect for tea-time or any time you crave a quality bite.,"Deliciously fresh Tonic Water from Heritage Oven. Premium quality, authentic taste.","Heritage Oven, Premium Bakery, Beverages","Tonic Water, Heritage Oven, Beverages, Freshly Baked","Daily Treat, Quick Bite",Budget,"Indulge in the magic of Tonic Water! ✨ Perfectly baked, delightfully fresh. Only at Heritage Oven. 🥯🍰 #HeritageOven #BakeryIndia #FreshlyBaked",False,Daily Specials,Tonic Water Family Pack
cold drinks_39,Frooti,Heritage Frooti,20.0,Beverages,Cold Drinks,Experience the authentic taste of Frooti from Heritage Oven. Our time-honored recipes and premium ingredients come together to create a snack that is both nostalgic and modern. Perfect for tea-time or any time you crave a quality bite.,"Deliciously fresh Frooti from Heritage Oven. Premium quality, authentic taste.","Heritage Oven, Premium Bakery, Beverages","Frooti, Heritage Oven, Beverages, Freshly Baked","Daily Treat, Quick Bite",Budget,"Indulge in the magic of Frooti! ✨ Perfectly baked, delightfully fresh. Only at Heritage Oven. 🥯🍰 #HeritageOven #BakeryIndia #FreshlyBaked",False,Daily Specials,Frooti Family Pack
ice cream_0,Mini Bar 10,Premium Mini Bar 10,10.0,Desserts,Ice Cream,Experience the authentic taste of Mini Bar 10 from Heritage Oven. Our time-honored recipes and premium ingredients come together to create a snack that is both nostalgic and modern. Perfect for tea-time or any time you crave a quality bite.,"Deliciously fresh Mini Bar 10 from Heritage Oven. Premium quality, authentic taste.","Heritage Oven, Premium Bakery, Desserts","Mini Bar 10, Heritage Oven, Desserts, Freshly Baked","Daily Treat, Quick Bite",Budget,"Indulge in the magic of Mini Bar 10! ✨ Perfectly baked, delightfully fresh. Only at Heritage Oven. 🥯🍰 #HeritageOven #BakeryIndia #FreshlyBaked",False,Daily Specials,Mini Bar 10 Family Pack
ice cream_1,Candy Mango,Artisanal Candy Mango,10.0,Desserts,Ice Cream,Experience the authentic taste of Candy Mango from Heritage Oven. Our time-honored recipes and premium ingredients come together to create a snack that is both nostalgic and modern. Perfect for tea-time or any time you crave a quality bite.,"Deliciously fresh Candy Mango from Heritage Oven. Premium quality, authentic taste.","Heritage Oven, Premium Bakery, Desserts","Candy Mango, Heritage Oven, Desserts, Freshly Baked","Daily Treat, Quick Bite",Budget,"Indulge in the magic of Candy Mango! ✨ Perfectly baked, delightfully fresh. Only at Heritage Oven. 🥯🍰 #HeritageOven #BakeryIndia #FreshlyBaked",False,Daily Specials,Candy Mango Family Pack
ice cream_2,Candy Orange,Artisanal Candy Orange,10.0,Desserts,Ice Cream,Experience the authentic taste of Candy Orange from Heritage Oven. Our time-honored recipes and premium ingredients come together to create a snack that is both nostalgic and modern. Perfect for tea-time or any time you crave a quality bite.,"Deliciously fresh Candy Orange from Heritage Oven. Premium quality, authentic taste.","Heritage Oven, Premium Bakery, Desserts","Candy Orange, Heritage Oven, Desserts, Freshly Baked","Daily Treat, Quick Bite",Budget,"Indulge in the magic of Candy Orange! ✨ Perfectly baked, delightfully fresh. Only at Heritage Oven. 🥯🍰 #HeritageOven #BakeryIndia #FreshlyBaked",False,Daily Specials,Candy Orange Family Pack
ice cream_3,Ek Dum Aam,Handcrafted Ek Dum Aam,25.0,Desserts,Ice Cream,Experience the authentic taste of Ek Dum Aam from Heritage Oven. Our time-honored recipes and premium ingredients come together to create a snack that is both nostalgic and modern. Perfect for tea-time or any time you crave a quality bite.,"Deliciously fresh Ek Dum Aam from Heritage Oven. Premium quality, authentic taste.","Heritage Oven, Premium Bakery, Desserts","Ek Dum Aam, Heritage Oven, Desserts, Freshly Baked","Daily Treat, Quick Bite",Budget,"Indulge in the magic of Ek Dum Aam! ✨ Perfectly baked, delightfully fresh. Only at Heritage Oven. 🥯🍰 #HeritageOven #BakeryIndia #FreshlyBaked",False,Daily Specials,Ek Dum Aam Family Pack
ice cream_4,Kesar Kulfi,Artisanal Kesar Kulfi,25.0,Desserts,Ice Cream,Experience the authentic taste of Kesar Kulfi from Heritage Oven. Our time-honored recipes and premium ingredients come together to create a snack that is both nostalgic and modern. Perfect for tea-time or any time you crave a quality bite.,"Deliciously fresh Kesar Kulfi from Heritage Oven. Premium quality, authentic taste.","Heritage Oven, Premium Bakery, Desserts","Kesar Kulfi, Heritage Oven, Desserts, Freshly Baked","Daily Treat, Quick Bite",Budget,"Indulge in the magic of Kesar Kulfi! ✨ Perfectly baked, delightfully fresh. Only at Heritage Oven. 🥯🍰 #HeritageOven #BakeryIndia #FreshlyBaked",False,Daily Specials,Kesar Kulfi Family Pack
ice cream_5,Rabri Kulfi,Signature Rabri Kulfi,25.0,Desserts,Ice Cream,Experience the authentic taste of Rabri Kulfi from Heritage Oven. Our time-honored recipes and premium ingredients come together to create a snack that is both nostalgic and modern. Perfect for tea-time or any time you crave a quality bite.,"Deliciously fresh Rabri Kulfi from Heritage Oven. Premium quality, authentic taste.","Heritage Oven, Premium Bakery, Desserts","Rabri Kulfi, Heritage Oven, Desserts, Freshly Baked","Daily Treat, Quick Bite",Budget,"Indulge in the magic of Rabri Kulfi! ✨ Perfectly baked, delightfully fresh. Only at Heritage Oven. 🥯🍰 #HeritageOven #BakeryIndia #FreshlyBaked",False,Daily Specials,Rabri Kulfi Family Pack
ice cream_6,Cone Butter Scotch,Signature Cone Butter Scotch,35.0,Desserts,Ice Cream,Experience the authentic taste of Cone Butter Scotch from Heritage Oven. Our time-honored recipes and premium ingredients come together to create a snack that is both nostalgic and modern. Perfect for tea-time or any time you crave a quality bite.,"Deliciously fresh Cone Butter Scotch from Heritage Oven. Premium quality, authentic taste.","Heritage Oven, Premium Bakery, Desserts","Cone Butter Scotch, Heritage Oven, Desserts, Freshly Baked","Daily Treat, Quick Bite",Budget,"Indulge in the magic of Cone Butter Scotch! ✨ Perfectly baked, delightfully fresh. Only at Heritage Oven. 🥯🍰 #HeritageOven #BakeryIndia #FreshlyBaked",False,Daily Specials,Cone Butter Scotch Family Pack
ice cream_7,Cone Vanilla,Premium Cone Vanilla,25.0,Desserts,Ice Cream,Experience the authentic taste of Cone Vanilla from Heritage Oven. Our time-honored recipes and premium ingredients come together to create a snack that is both nostalgic and modern. Perfect for tea-time or any time you crave a quality bite.,"Deliciously fresh Cone Vanilla from Heritage Oven. Premium quality, authentic taste.","Heritage Oven, Premium Bakery, Desserts","Cone Vanilla, Heritage Oven, Desserts, Freshly Baked","Daily Treat, Quick Bite",Budget,"Indulge in the magic of Cone Vanilla! ✨ Perfectly baked, delightfully fresh. Only at Heritage Oven. 🥯🍰 #HeritageOven #BakeryIndia #FreshlyBaked",False,Daily Specials,Cone Vanilla Family Pack
ice cream_8,Cone Choclate,Signature Cone Choclate,40.0,Desserts,Ice Cream,Experience the authentic taste of Cone Choclate from Heritage Oven. Our time-honored recipes and premium ingredients come together to create a snack that is both nostalgic and modern. Perfect for tea-time or any time you crave a quality bite.,"Deliciously fresh Cone Choclate from Heritage Oven. Premium quality, authentic taste.","Heritage Oven, Premium Bakery, Desserts","Cone Choclate, Heritage Oven, Desserts, Freshly Baked","Daily Treat, Quick Bite",Budget,"Indulge in the magic of Cone Choclate! ✨ Perfectly baked, delightfully fresh. Only at Heritage Oven. 🥯🍰 #HeritageOven #BakeryIndia #FreshlyBaked",False,Daily Specials,Cone Choclate Family Pack
ice cream_9,Mini Cone,Premium Mini Cone,18.0,Desserts,Ice Cream,Experience the authentic taste of Mini Cone from Heritage Oven. Our time-honored recipes and premium ingredients come together to create a snack that is both nostalgic and modern. Perfect for tea-time or any time you crave a quality bite.,"Deliciously fresh Mini Cone from Heritage Oven. Premium quality, authentic taste.","Heritage Oven, Premium Bakery, Desserts","Mini Cone, Heritage Oven, Desserts, Freshly Baked","Daily Treat, Quick Bite",Budget,"Indulge in the magic of Mini Cone! ✨ Perfectly baked, delightfully fresh. Only at Heritage Oven. 🥯🍰 #HeritageOven #BakeryIndia #FreshlyBaked",False,Daily Specials,Mini Cone Family Pack
ice cream_10,Cone Double Magic,Heritage Cone Double Magic,25.0,Desserts,Ice Cream,Experience the authentic taste of Cone Double Magic from Heritage Oven. Our time-honored recipes and premium ingredients come together to create a snack that is both nostalgic and modern. Perfect for tea-time or any time you crave a quality bite.,"Deliciously fresh Cone Double Magic from Heritage Oven. Premium quality, authentic taste.","Heritage Oven, Premium Bakery, Desserts","Cone Double Magic, Heritage Oven, Desserts, Freshly Baked","Daily Treat, Quick Bite",Budget,"Indulge in the magic of Cone Double Magic! ✨ Perfectly baked, delightfully fresh. Only at Heritage Oven. 🥯🍰 #HeritageOven #BakeryIndia #FreshlyBaked",False,Daily Specials,Cone Double Magic Family Pack
ice cream_11,Cone Dise,Premium Cone Dise,50.0,Desserts,Ice Cream,Experience the authentic taste of Cone Dise from Heritage Oven. Our time-honored recipes and premium ingredients come together to create a snack that is both nostalgic and modern. Perfect for tea-time or any time you crave a quality bite.,"Deliciously fresh Cone Dise from Heritage Oven. Premium quality, authentic taste.","Heritage Oven, Premium Bakery, Desserts","Cone Dise, Heritage Oven, Desserts, Freshly Baked","Daily Treat, Quick Bite",Budget,"Indulge in the magic of Cone Dise! ✨ Perfectly baked, delightfully fresh. Only at Heritage Oven. 🥯🍰 #HeritageOven #BakeryIndia #FreshlyBaked",False,Daily Specials,Cone Dise Family Pack
ice cream_12,Vanilla Cup,Signature Vanilla Cup,10.0,Desserts,Ice Cream,Experience the authentic taste of Vanilla Cup from Heritage Oven. Our time-honored recipes and premium ingredients come together to create a snack that is both nostalgic and modern. Perfect for tea-time or any time you crave a quality bite.,"Deliciously fresh Vanilla Cup from Heritage Oven. Premium quality, authentic taste.","Heritage Oven, Premium Bakery, Desserts","Vanilla Cup, Heritage Oven, Desserts, Freshly Baked","Daily Treat, Quick Bite",Budget,"Indulge in the magic of Vanilla Cup! ✨ Perfectly baked, delightfully fresh. Only at Heritage Oven. 🥯🍰 #HeritageOven #BakeryIndia #FreshlyBaked",False,Daily Specials,Vanilla Cup Family Pack
ice cream_13,Stwberry Cup,Signature Stwberry Cup,10.0,Desserts,Ice Cream,Experience the authentic taste of Stwberry Cup from Heritage Oven. Our time-honored recipes and premium ingredients come together to create a snack that is both nostalgic and modern. Perfect for tea-time or any time you crave a quality bite.,"Deliciously fresh Stwberry Cup from Heritage Oven. Premium quality, authentic taste.","Heritage Oven, Premium Bakery, Desserts","Stwberry Cup, Heritage Oven, Desserts, Freshly Baked","Daily Treat, Quick Bite",Budget,"Indulge in the magic of Stwberry Cup! ✨ Perfectly baked, delightfully fresh. Only at Heritage Oven. 🥯🍰 #HeritageOven #BakeryIndia #FreshlyBaked",False,Daily Specials,Stwberry Cup Family Pack
ice cream_14,Keser Pista Cup,Artisanal Keser Pista Cup,50.0,Desserts,Ice Cream,Experience the authentic taste of Keser Pista Cup from Heritage Oven. Our time-honored recipes and premium ingredients come together to create a snack that is both nostalgic and modern. Perfect for tea-time or any time you crave a quality bite.,"Deliciously fresh Keser Pista Cup from Heritage Oven. Premium quality, authentic taste.","Heritage Oven, Premium Bakery, Desserts","Keser Pista Cup, Heritage Oven, Desserts, Freshly Baked","Daily Treat, Quick Bite",Budget,"Indulge in the magic of Keser Pista Cup! ✨ Perfectly baked, delightfully fresh. Only at Heritage Oven. 🥯🍰 #HeritageOven #BakeryIndia #FreshlyBaked",False,Daily Specials,Keser Pista Cup Family Pack
ice cream_15,Cassatta,Heritage Cassatta,70.0,Desserts,Ice Cream,Experience the authentic taste of Cassatta from Heritage Oven. Our time-honored recipes and premium ingredients come together to create a snack that is both nostalgic and modern. Perfect for tea-time or any time you crave a quality bite.,"Deliciously fresh Cassatta from Heritage Oven. Premium quality, authentic taste.","Heritage Oven, Premium Bakery, Desserts","Cassatta, Heritage Oven, Desserts, Freshly Baked","Daily Treat, Quick Bite",Budget,"Indulge in the magic of Cassatta! ✨ Perfectly baked, delightfully fresh. Only at Heritage Oven. 🥯🍰 #HeritageOven #BakeryIndia #FreshlyBaked",False,Daily Specials,Cassatta Family Pack
ice cream_16,Sandwich Slices,Handcrafted Sandwich Slices,30.0,Desserts,Ice Cream,Experience the authentic taste of Sandwich Slices from Heritage Oven. Our time-honored recipes and premium ingredients come together to create a snack that is both nostalgic and modern. Perfect for tea-time or any time you crave a quality bite.,"Deliciously fresh Sandwich Slices from Heritage Oven. Premium quality, authentic taste.","Heritage Oven, Premium Bakery, Desserts","Sandwich Slices, Heritage Oven, Desserts, Freshly Baked","Daily Treat, Quick Bite",Budget,"Indulge in the magic of Sandwich Slices! ✨ Perfectly baked, delightfully fresh. Only at Heritage Oven. 🥯🍰 #HeritageOven #BakeryIndia #FreshlyBaked",False,Daily Specials,Sandwich Slices Family Pack
ice cream_17,Sunday,Artisanal Sunday,30.0,Desserts,Ice Cream,Experience the authentic taste of Sunday from Heritage Oven. Our time-honored recipes and premium ingredients come together to create a snack that is both nostalgic and modern. Perfect for tea-time or any time you crave a quality bite.,"Deliciously fresh Sunday from Heritage Oven. Premium quality, authentic taste.","Heritage Oven, Premium Bakery, Desserts","Sunday, Heritage Oven, Desserts, Freshly Baked","Daily Treat, Quick Bite",Budget,"Indulge in the magic of Sunday! ✨ Perfectly baked, delightfully fresh. Only at Heritage Oven. 🥯🍰 #HeritageOven #BakeryIndia #FreshlyBaked",False,Daily Specials,Sunday Family Pack
ice cream_18,Vanilla,Heritage Vanilla,115.0,Desserts,Ice Cream,Experience the authentic taste of Vanilla from Heritage Oven. Our time-honored recipes and premium ingredients come together to create a snack that is both nostalgic and modern. Perfect for tea-time or any time you crave a quality bite.,"Deliciously fresh Vanilla from Heritage Oven. Premium quality, authentic taste.","Heritage Oven, Premium Bakery, Desserts","Vanilla, Heritage Oven, Desserts, Freshly Baked","Daily Treat, Quick Bite",Budget,"Indulge in the magic of Vanilla! ✨ Perfectly baked, delightfully fresh. Only at Heritage Oven. 🥯🍰 #HeritageOven #BakeryIndia #FreshlyBaked",False,Daily Specials,Vanilla Family Pack
ice cream_19,Butter,Handcrafted Butter,130.0,Desserts,Ice Cream,Experience the authentic taste of Butter from Heritage Oven. Our time-honored recipes and premium ingredients come together to create a snack that is both nostalgic and modern. Perfect for tea-time or any time you crave a quality bite.,"Deliciously fresh Butter from Heritage Oven. Premium quality, authentic taste.","Heritage Oven, Premium Bakery, Desserts","Butter, Heritage Oven, Desserts, Freshly Baked","Daily Treat, Quick Bite",Budget,"Indulge in the magic of Butter! ✨ Perfectly baked, delightfully fresh. Only at Heritage Oven. 🥯🍰 #HeritageOven #BakeryIndia #FreshlyBaked",False,Daily Specials,Butter Family Pack
ice cream_20,Mango,Premium Mango,120.0,Desserts,Ice Cream,Experience the authentic taste of Mango from Heritage Oven. Our time-honored recipes and premium ingredients come together to create a snack that is both nostalgic and modern. Perfect for tea-time or any time you crave a quality bite.,"Deliciously fresh Mango from Heritage Oven. Premium quality, authentic taste.","Heritage Oven, Premium Bakery, Desserts","Mango, Heritage Oven, Desserts, Freshly Baked","Daily Treat, Quick Bite",Budget,"Indulge in the magic of Mango! ✨ Perfectly baked, delightfully fresh. Only at Heritage Oven. 🥯🍰 #HeritageOven #BakeryIndia #FreshlyBaked",False,Daily Specials,Mango Family Pack
ice cream_21,Tutifrutti,Handcrafted Tutifrutti,130.0,Desserts,Ice Cream,Experience the authentic taste of Tutifrutti from Heritage Oven. Our time-honored recipes and premium ingredients come together to create a snack that is both nostalgic and modern. Perfect for tea-time or any time you crave a quality bite.,"Deliciously fresh Tutifrutti from Heritage Oven. Premium quality, authentic taste.","Heritage Oven, Premium Bakery, Desserts","Tutifrutti, Heritage Oven, Desserts, Freshly Baked","Daily Treat, Quick Bite",Budget,"Indulge in the magic of Tutifrutti! ✨ Perfectly baked, delightfully fresh. Only at Heritage Oven. 🥯🍰 #HeritageOven #BakeryIndia #FreshlyBaked",False,Daily Specials,Tutifrutti Family Pack
ice cream_22,Choco Chips,Premium Choco Chips,180.0,Desserts,Ice Cream,Experience the authentic taste of Choco Chips from Heritage Oven. Our time-honored recipes and premium ingredients come together to create a snack that is both nostalgic and modern. Perfect for tea-time or any time you crave a quality bite.,"Deliciously fresh Choco Chips from Heritage Oven. Premium quality, authentic taste.","Heritage Oven, Premium Bakery, Desserts","Choco Chips, Heritage Oven, Desserts, Freshly Baked","Daily Treat, Quick Bite",Budget,"Indulge in the magic of Choco Chips! ✨ Perfectly baked, delightfully fresh. Only at Heritage Oven. 🥯🍰 #HeritageOven #BakeryIndia #FreshlyBaked",False,Daily Specials,Choco Chips Family Pack
ice cream_23,Two In One,Artisanal Two In One,115.0,Desserts,Ice Cream,Experience the authentic taste of Two In One from Heritage Oven. Our time-honored recipes and premium ingredients come together to create a snack that is both nostalgic and modern. Perfect for tea-time or any time you crave a quality bite.,"Deliciously fresh Two In One from Heritage Oven. Premium quality, authentic taste.","Heritage Oven, Premium Bakery, Desserts","Two In One, Heritage Oven, Desserts, Freshly Baked","Daily Treat, Quick Bite",Budget,"Indulge in the magic of Two In One! ✨ Perfectly baked, delightfully fresh. Only at Heritage Oven. 🥯🍰 #HeritageOven #BakeryIndia #FreshlyBaked",False,Daily Specials,Two In One Family Pack
ice cream_24,Choclate Geateau,Handcrafted Choclate Geateau,50.0,Desserts,Ice Cream,Experience the authentic taste of Choclate Geateau from Heritage Oven. Our time-honored recipes and premium ingredients come together to create a snack that is both nostalgic and modern. Perfect for tea-time or any time you crave a quality bite.,"Deliciously fresh Choclate Geateau from Heritage Oven. Premium quality, authentic taste.","Heritage Oven, Premium Bakery, Desserts","Choclate Geateau, Heritage Oven, Desserts, Freshly Baked","Daily Treat, Quick Bite",Budget,"Indulge in the magic of Choclate Geateau! ✨ Perfectly baked, delightfully fresh. Only at Heritage Oven. 🥯🍰 #HeritageOven #BakeryIndia #FreshlyBaked",False,Daily Specials,Choclate Geateau Family Pack
ice cream_25,Red Bull,Heritage Red Bull,125.0,Desserts,Ice Cream,Experience the authentic taste of Red Bull from Heritage Oven. Our time-honored recipes and premium ingredients come together to create a snack that is both nostalgic and modern. Perfect for tea-time or any time you crave a quality bite.,"Deliciously fresh Red Bull from Heritage Oven. Premium quality, authentic taste.","Heritage Oven, Premium Bakery, Desserts","Red Bull, Heritage Oven, Desserts, Freshly Baked","Daily Treat, Quick Bite",Budget,"Indulge in the magic of Red Bull! ✨ Perfectly baked, delightfully fresh. Only at Heritage Oven. 🥯🍰 #HeritageOven #BakeryIndia #FreshlyBaked",False,Daily Specials,Red Bull Family Pack
ice cream_26,Non Stop,Signature Non Stop,55.0,Desserts,Ice Cream,Experience the authentic taste of Non Stop from Heritage Oven. Our time-honored recipes and premium ingredients come together to create a snack that is both nostalgic and modern. Perfect for tea-time or any time you crave a quality bite.,"Deliciously fresh Non Stop from Heritage Oven. Premium quality, authentic taste.","Heritage Oven, Premium Bakery, Desserts","Non Stop, Heritage Oven, Desserts, Freshly Baked","Daily Treat, Quick Bite",Budget,"Indulge in the magic of Non Stop! ✨ Perfectly baked, delightfully fresh. Only at Heritage Oven. 🥯🍰 #HeritageOven #BakeryIndia #FreshlyBaked",False,Daily Specials,Non Stop Family Pack
ice cream_27,Tonic Water,Heritage Tonic Water,60.0,Desserts,Ice Cream,Experience the authentic taste of Tonic Water from Heritage Oven. Our time-honored recipes and premium ingredients come together to create a snack that is both nostalgic and modern. Perfect for tea-time or any time you crave a quality bite.,"Deliciously fresh Tonic Water from Heritage Oven. Premium quality, authentic taste.","Heritage Oven, Premium Bakery, Desserts","Tonic Water, Heritage Oven, Desserts, Freshly Baked","Daily Treat, Quick Bite",Budget,"Indulge in the magic of Tonic Water! ✨ Perfectly baked, delightfully fresh. Only at Heritage Oven. 🥯🍰 #HeritageOven #BakeryIndia #FreshlyBaked",False,Daily Specials,Tonic Water Family Pack
cake_0,Pineapple Cake,Signature Pineapple Cake,450.0,Cakes,Cake,"Celebrate life's special moments with our Signature Pineapple Cake. A masterpiece of flavor and texture, this cake is handcrafted by Heritage Oven experts to ensure your celebrations are unforgettable. Perfect for birthdays, anniversaries, and parties in India.","Deliciously fresh Pineapple Cake from Heritage Oven. Premium quality, authentic taste.","Heritage Oven, Bestseller, Gift Idea, Premium Bakery, Celebration, Cakes","Pineapple Cake, Heritage Oven, Cakes, Freshly Baked","Birthday, Anniversary, Celebration, Wedding, Party",Premium,"Indulge in the magic of Pineapple Cake! ✨ Perfectly baked, delightfully fresh. Only at Heritage Oven. 🥯🍰 #HeritageOven #BakeryIndia #FreshlyBaked",False,"Party Poppers, Designer Candles, Party Baloons","Pineapple Cake + Party Decoration Kit, Pineapple Cake + Box of 6 Pastries"
cake_1,Black Forest,Signature Black Forest,500.0,Cakes,Cake,"Celebrate life's special moments with our Signature Black Forest. A masterpiece of flavor and texture, this cake is handcrafted by Heritage Oven experts to ensure your celebrations are unforgettable. Perfect for birthdays, anniversaries, and parties in India.","Deliciously fresh Black Forest from Heritage Oven. Premium quality, authentic taste.","Heritage Oven, Bestseller, Gift Idea, Premium Bakery, Celebration, Cakes","Black Forest, Heritage Oven, Cakes, Freshly Baked","Birthday, Anniversary, Celebration, Wedding, Party",Premium,"Indulge in the magic of Black Forest! ✨ Perfectly baked, delightfully fresh. Only at Heritage Oven. 🥯🍰 #HeritageOven #BakeryIndia #FreshlyBaked",False,"Party Poppers, Designer Candles, Party Baloons","Black Forest + Party Decoration Kit, Black Forest + Box of 6 Pastries"
cake_2,Brownie Cake,Signature Brownie Cake,600.0,Cakes,Cake,"Celebrate life's special moments with our Signature Brownie Cake. A masterpiece of flavor and texture, this cake is handcrafted by Heritage Oven experts to ensure your celebrations are unforgettable. Perfect for birthdays, anniversaries, and parties in India.","Deliciously fresh Brownie Cake from Heritage Oven. Premium quality, authentic taste.","Heritage Oven, Bestseller, Gift Idea, Premium Bakery, Celebration, Cakes","Brownie Cake, Heritage Oven, Cakes, Freshly Baked","Birthday, Anniversary, Celebration, Wedding, Party",Premium,"Indulge in the magic of Brownie Cake! ✨ Perfectly baked, delightfully fresh. Only at Heritage Oven. 🥯🍰 #HeritageOven #BakeryIndia #FreshlyBaked",False,"Party Poppers, Designer Candles, Party Baloons","Brownie Cake + Party Decoration Kit, Brownie Cake + Box of 6 Pastries"
cake_3,RockyRoad Almond Butterscotch,Signature RockyRoad Almond Butterscotch,600.0,Cakes,Cake,"Celebrate life's special moments with our Signature RockyRoad Almond Butterscotch. A masterpiece of flavor and texture, this cake is handcrafted by Heritage Oven experts to ensure your celebrations are unforgettable. Perfect for birthdays, anniversaries, and parties in India.","Deliciously fresh RockyRoad Almond Butterscotch from Heritage Oven. Premium quality, authentic taste.","Heritage Oven, Bestseller, Gift Idea, Premium Bakery, Celebration, Cakes","RockyRoad Almond Butterscotch, Heritage Oven, Cakes, Freshly Baked","Birthday, Anniversary, Celebration, Wedding, Party",Premium,"Indulge in the magic of RockyRoad Almond Butterscotch! ✨ Perfectly baked, delightfully fresh. Only at Heritage Oven. 🥯🍰 #HeritageOven #BakeryIndia #FreshlyBaked",False,"Party Poppers, Designer Candles, Party Baloons","RockyRoad Almond Butterscotch + Party Decoration Kit, RockyRoad Almond Butterscotch + Box of 6 Pastries"
cake_4,Choco Chips,Signature Choco Chips,500.0,Cakes,Cake,"Celebrate life's special moments with our Signature Choco Chips. A masterpiece of flavor and texture, this cake is handcrafted by Heritage Oven experts to ensure your celebrations are unforgettable. Perfect for birthdays, anniversaries, and parties in India.","Deliciously fresh Choco Chips from Heritage Oven. Premium quality, authentic taste.","Heritage Oven, Bestseller, Gift Idea, Premium Bakery, Celebration, Cakes","Choco Chips, Heritage Oven, Cakes, Freshly Baked","Birthday, Anniversary, Celebration, Wedding, Party",Premium,"Indulge in the magic of Choco Chips! ✨ Perfectly baked, delightfully fresh. Only at Heritage Oven. 🥯🍰 #HeritageOven #BakeryIndia #FreshlyBaked",False,"Party Poppers, Designer Candles, Party Baloons","Choco Chips + Party Decoration Kit, Choco Chips + Box of 6 Pastries"
cake_5,Choco Vanilla,Signature Choco Vanilla,500.0,Cakes,Cake,"Celebrate life's special moments with our Signature Choco Vanilla. A masterpiece of flavor and texture, this cake is handcrafted by Heritage Oven experts to ensure your celebrations are unforgettable. Perfect for birthdays, anniversaries, and parties in India.","Deliciously fresh Choco Vanilla from Heritage Oven. Premium quality, authentic taste.","Heritage Oven, Bestseller, Gift Idea, Premium Bakery, Celebration, Cakes","Choco Vanilla, Heritage Oven, Cakes, Freshly Baked","Birthday, Anniversary, Celebration, Wedding, Party",Premium,"Indulge in the magic of Choco Vanilla! ✨ Perfectly baked, delightfully fresh. Only at Heritage Oven. 🥯🍰 #HeritageOven #BakeryIndia #FreshlyBaked",False,"Party Poppers, Designer Candles, Party Baloons","Choco Vanilla + Party Decoration Kit, Choco Vanilla + Box of 6 Pastries"
snacks_0,Paneer Tikka Roll,Heritage Paneer Tikka Roll,80.0,Savory Snacks,Snacks,Experience the authentic taste of Paneer Tikka Roll from Heritage Oven. Our time-honored recipes and premium ingredients come together to create a snack that is both nostalgic and modern. Perfect for tea-time or any time you crave a quality bite.,"Deliciously fresh Paneer Tikka Roll from Heritage Oven. Premium quality, authentic taste.","Heritage Oven, Premium Bakery, Savory Snacks","Paneer Tikka Roll, Heritage Oven, Savory Snacks, Freshly Baked","Tea Time, Evening Snack, Daily Treat, Office Snack",Budget,"Indulge in the magic of Paneer Tikka Roll! ✨ Perfectly baked, delightfully fresh. Only at Heritage Oven. 🥯🍰 #HeritageOven #BakeryIndia #FreshlyBaked",False,"Tomato Ketchup, Mint Chutney, Cold Drink","Paneer Tikka Roll + Cold Drink Combo, Party Snack Platter"
snacks_1,Paneer Kulch,Handcrafted Paneer Kulch,60.0,Savory Snacks,Snacks,Experience the authentic taste of Paneer Kulch from Heritage Oven. Our time-honored recipes and premium ingredients come together to create a snack that is both nostalgic and modern. Perfect for tea-time or any time you crave a quality bite.,"Deliciously fresh Paneer Kulch from Heritage Oven. Premium quality, authentic taste.","Heritage Oven, Premium Bakery, Savory Snacks","Paneer Kulch, Heritage Oven, Savory Snacks, Freshly Baked","Tea Time, Evening Snack, Daily Treat, Office Snack",Budget,"Indulge in the magic of Paneer Kulch! ✨ Perfectly baked, delightfully fresh. Only at Heritage Oven. 🥯🍰 #HeritageOven #BakeryIndia #FreshlyBaked",False,"Tomato Ketchup, Mint Chutney, Cold Drink","Paneer Kulch + Cold Drink Combo, Party Snack Platter"
snacks_2,Aloo Patty,Premium Aloo Patty,30.0,Savory Snacks,Snacks,Experience the authentic taste of Aloo Patty from Heritage Oven. Our time-honored recipes and premium ingredients come together to create a snack that is both nostalgic and modern. Perfect for tea-time or any time you crave a quality bite.,"Deliciously fresh Aloo Patty from Heritage Oven. Premium quality, authentic taste.","Heritage Oven, Premium Bakery, Savory Snacks","Aloo Patty, Heritage Oven, Savory Snacks, Freshly Baked","Tea Time, Evening Snack, Daily Treat, Office Snack",Budget,"Indulge in the magic of Aloo Patty! ✨ Perfectly baked, delightfully fresh. Only at Heritage Oven. 🥯🍰 #HeritageOven #BakeryIndia #FreshlyBaked",True,"Tomato Ketchup, Mint Chutney, Cold Drink","Aloo Patty + Cold Drink Combo, Party Snack Platter"
snacks_3,Samaso,Signature Samaso,20.0,Savory Snacks,Snacks,Experience the authentic taste of Samaso from Heritage Oven. Our time-honored recipes and premium ingredients come together to create a snack that is both nostalgic and modern. Perfect for tea-time or any time you crave a quality bite.,"Deliciously fresh Samaso from Heritage Oven. Premium quality, authentic taste.","Heritage Oven, Premium Bakery, Savory Snacks","Samaso, Heritage Oven, Savory Snacks, Freshly Baked","Tea Time, Evening Snack, Daily Treat, Office Snack",Budget,"Indulge in the magic of Samaso! ✨ Perfectly baked, delightfully fresh. Only at Heritage Oven. 🥯🍰 #HeritageOven #BakeryIndia #FreshlyBaked",False,"Tomato Ketchup, Mint Chutney, Cold Drink","Samaso + Cold Drink Combo, Party Snack Platter"
snacks_4,Sandhwich,Premium Sandhwich,40.0,Savory Snacks,Snacks,Experience the authentic taste of Sandhwich from Heritage Oven. Our time-honored recipes and premium ingredients come together to create a snack that is both nostalgic and modern. Perfect for tea-time or any time you crave a quality bite.,"Deliciously fresh Sandhwich from Heritage Oven. Premium quality, authentic taste.","Heritage Oven, Premium Bakery, Savory Snacks","Sandhwich, Heritage Oven, Savory Snacks, Freshly Baked","Tea Time, Evening Snack, Daily Treat, Office Snack",Budget,"Indulge in the magic of Sandhwich! ✨ Perfectly baked, delightfully fresh. Only at Heritage Oven. 🥯🍰 #HeritageOven #BakeryIndia #FreshlyBaked",True,"Tomato Ketchup, Mint Chutney, Cold Drink","Sandhwich + Cold Drink Combo, Party Snack Platter"
snacks_5,Brown bread sandwich,Handcrafted Brown bread sandwich,40.0,Savory Snacks,Snacks,Experience the authentic taste of Brown bread sandwich from Heritage Oven. Our time-honored recipes and premium ingredients come together to create a snack that is both nostalgic and modern. Perfect for tea-time or any time you crave a quality bite.,"Deliciously fresh Brown bread sandwich from Heritage Oven. Premium quality, authentic taste.","Heritage Oven, Premium Bakery, Savory Snacks","Brown bread sandwich, Heritage Oven, Savory Snacks, Freshly Baked","Tea Time, Evening Snack, Daily Treat, Office Snack",Budget,"Indulge in the magic of Brown bread sandwich! ✨ Perfectly baked, delightfully fresh. Only at Heritage Oven. 🥯🍰 #HeritageOven #BakeryIndia #FreshlyBaked",False,"Tomato Ketchup, Mint Chutney, Cold Drink","Brown bread sandwich + Cold Drink Combo, Party Snack Platter"
snacks_6,Paneer Patty,Signature Paneer Patty,40.0,Savory Snacks,Snacks,Experience the authentic taste of Paneer Patty from Heritage Oven. Our time-honored recipes and premium ingredients come together to create a snack that is both nostalgic and modern. Perfect for tea-time or any time you crave a quality bite.,"Deliciously fresh Paneer Patty from Heritage Oven. Premium quality, authentic taste.","Heritage Oven, Premium Bakery, Savory Snacks","Paneer Patty, Heritage Oven, Savory Snacks, Freshly Baked","Tea Time, Evening Snack, Daily Treat, Office Snack",Budget,"Indulge in the magic of Paneer Patty! ✨ Perfectly baked, delightfully fresh. Only at Heritage Oven. 🥯🍰 #HeritageOven #BakeryIndia #FreshlyBaked",False,"Tomato Ketchup, Mint Chutney, Cold Drink","Paneer Patty + Cold Drink Combo, Party Snack Platter"
namkeen_0,Pudina Chips,Signature Pudina Chips,79.0,Traditional Snacks,Namkeen,Experience the authentic taste of Pudina Chips from Heritage Oven. Our time-honored recipes and premium ingredients come together to create a snack that is both nostalgic and modern. Perfect for tea-time or any time you crave a quality bite.,"Deliciously fresh Pudina Chips from Heritage Oven. Premium quality, authentic taste.","Traditional Snacks, Heritage Oven, Premium Bakery","Pudina Chips, Heritage Oven, Traditional Snacks, Freshly Baked","Tea Time, Evening Snack, Daily Treat, Office Snack",Budget,"Indulge in the magic of Pudina Chips! ✨ Perfectly baked, delightfully fresh. Only at Heritage Oven. 🥯🍰 #HeritageOven #BakeryIndia #FreshlyBaked",True,"Masala Chai, Green Tea, Diet Soda",Pudina Chips Family Pack
namkeen_1,Ratnam Mixture Namkeen,Signature Ratnam Mixture Namkeen,130.0,Traditional Snacks,Namkeen,Experience the authentic taste of Ratnam Mixture Namkeen from Heritage Oven. Our time-honored recipes and premium ingredients come together to create a snack that is both nostalgic and modern. Perfect for tea-time or any time you crave a quality bite.,"Deliciously fresh Ratnam Mixture Namkeen from Heritage Oven. Premium quality, authentic taste.","Traditional Snacks, Heritage Oven, Premium Bakery","Ratnam Mixture Namkeen, Heritage Oven, Traditional Snacks, Freshly Baked","Tea Time, Evening Snack, Daily Treat, Office Snack",Budget,"Indulge in the magic of Ratnam Mixture Namkeen! ✨ Perfectly baked, delightfully fresh. Only at Heritage Oven. 🥯🍰 #HeritageOven #BakeryIndia #FreshlyBaked",False,"Masala Chai, Green Tea, Diet Soda",Ratnam Mixture Namkeen Family Pack
namkeen_2,Soya Katori Namkeen,Artisanal Soya Katori Namkeen,79.0,Traditional Snacks,Namkeen,Experience the authentic taste of Soya Katori Namkeen from Heritage Oven. Our time-honored recipes and premium ingredients come together to create a snack that is both nostalgic and modern. Perfect for tea-time or any time you crave a quality bite.,"Deliciously fresh Soya Katori Namkeen from Heritage Oven. Premium quality, authentic taste.","Traditional Snacks, Heritage Oven, Premium Bakery","Soya Katori Namkeen, Heritage Oven, Traditional Snacks, Freshly Baked","Tea Time, Evening Snack, Daily Treat, Office Snack",Budget,"Indulge in the magic of Soya Katori Namkeen! ✨ Perfectly baked, delightfully fresh. Only at Heritage Oven. 🥯🍰 #HeritageOven #BakeryIndia #FreshlyBaked",True,"Masala Chai, Green Tea, Diet Soda",Soya Katori Namkeen Family Pack
namkeen_3,Aloo Lacha,Artisanal Aloo Lacha,105.0,Traditional Snacks,Namkeen,Experience the authentic taste of Aloo Lacha from Heritage Oven. Our time-honored recipes and premium ingredients come together to create a snack that is both nostalgic and modern. Perfect for tea-time or any time you crave a quality bite.,"Deliciously fresh Aloo Lacha from Heritage Oven. Premium quality, authentic taste.","Traditional Snacks, Heritage Oven, Premium Bakery","Aloo Lacha, Heritage Oven, Traditional Snacks, Freshly Baked","Tea Time, Evening Snack, Daily Treat, Office Snack",Budget,"Indulge in the magic of Aloo Lacha! ✨ Perfectly baked, delightfully fresh. Only at Heritage Oven. 🥯🍰 #HeritageOven #BakeryIndia #FreshlyBaked",False,"Masala Chai, Green Tea, Diet Soda",Aloo Lacha Family Pack
namkeen_4,Nutcracker Namkeen,Signature Nutcracker Namkeen,165.0,Traditional Snacks,Namkeen,Experience the authentic taste of Nutcracker Namkeen from Heritage Oven. Our time-honored recipes and premium ingredients come together to create a snack that is both nostalgic and modern. Perfect for tea-time or any time you crave a quality bite.,"Deliciously fresh Nutcracker Namkeen from Heritage Oven. Premium quality, authentic taste.","Traditional Snacks, Heritage Oven, Premium Bakery","Nutcracker Namkeen, Heritage Oven, Traditional Snacks, Freshly Baked","Tea Time, Evening Snack, Daily Treat, Office Snack",Budget,"Indulge in the magic of Nutcracker Namkeen! ✨ Perfectly baked, delightfully fresh. Only at Heritage Oven. 🥯🍰 #HeritageOven #BakeryIndia #FreshlyBaked",False,"Masala Chai, Green Tea, Diet Soda",Nutcracker Namkeen Family Pack
namkeen_5,Navrattan Namkeen,Premium Navrattan Namkeen,125.0,Traditional Snacks,Namkeen,Experience the authentic taste of Navrattan Namkeen from Heritage Oven. Our time-honored recipes and premium ingredients come together to create a snack that is both nostalgic and modern. Perfect for tea-time or any time you crave a quality bite.,"Deliciously fresh Navrattan Namkeen from Heritage Oven. Premium quality, authentic taste.","Traditional Snacks, Heritage Oven, Premium Bakery","Navrattan Namkeen, Heritage Oven, Traditional Snacks, Freshly Baked","Tea Time, Evening Snack, Daily Treat, Office Snack",Budget,"Indulge in the magic of Navrattan Namkeen! ✨ Perfectly baked, delightfully fresh. Only at Heritage Oven. 🥯🍰 #HeritageOven #BakeryIndia #FreshlyBaked",False,"Masala Chai, Green Tea, Diet Soda",Navrattan Namkeen Family Pack
namkeen_6,Moong Dal,Heritage Moong Dal,160.0,Traditional Snacks,Namkeen,Experience the authentic taste of Moong Dal from Heritage Oven. Our time-honored recipes and premium ingredients come together to create a snack that is both nostalgic and modern. Perfect for tea-time or any time you crave a quality bite.,"Deliciously fresh Moong Dal from Heritage Oven. Premium quality, authentic taste.","Traditional Snacks, Heritage Oven, Premium Bakery","Moong Dal, Heritage Oven, Traditional Snacks, Freshly Baked","Tea Time, Evening Snack, Daily Treat, Office Snack",Budget,"Indulge in the magic of Moong Dal! ✨ Perfectly baked, delightfully fresh. Only at Heritage Oven. 🥯🍰 #HeritageOven #BakeryIndia #FreshlyBaked",False,"Masala Chai, Green Tea, Diet Soda",Moong Dal Family Pack
namkeen_7,Halka Fulka,Handcrafted Halka Fulka,79.0,Traditional Snacks,Namkeen,Experience the authentic taste of Halka Fulka from Heritage Oven. Our time-honored recipes and premium ingredients come together to create a snack that is both nostalgic and modern. Perfect for tea-time or any time you crave a quality bite.,"Deliciously fresh Halka Fulka from Heritage Oven. Premium quality, authentic taste.","Traditional Snacks, Heritage Oven, Premium Bakery","Halka Fulka, Heritage Oven, Traditional Snacks, Freshly Baked","Tea Time, Evening Snack, Daily Treat, Office Snack",Budget,"Indulge in the magic of Halka Fulka! ✨ Perfectly baked, delightfully fresh. Only at Heritage Oven. 🥯🍰 #HeritageOven #BakeryIndia #FreshlyBaked",False,"Masala Chai, Green Tea, Diet Soda",Halka Fulka Family Pack
namkeen_8,Namakpara,Premium Namakpara,79.0,Traditional Snacks,Namkeen,Experience the authentic taste of Namakpara from Heritage Oven. Our time-honored recipes and premium ingredients come together to create a snack that is both nostalgic and modern. Perfect for tea-time or any time you crave a quality bite.,"Deliciously fresh Namakpara from Heritage Oven. Premium quality, authentic taste.","Traditional Snacks, Heritage Oven, Premium Bakery","Namakpara, Heritage Oven, Traditional Snacks, Freshly Baked","Tea Time, Evening Snack, Daily Treat, Office Snack",Budget,"Indulge in the magic of Namakpara! ✨ Perfectly baked, delightfully fresh. Only at Heritage Oven. 🥯🍰 #HeritageOven #BakeryIndia #FreshlyBaked",False,"Masala Chai, Green Tea, Diet Soda",Namakpara Family Pack
namkeen_9,Masala Mathi,Artisanal Masala Mathi,79.0,Traditional Snacks,Namkeen,Experience the authentic taste of Masala Mathi from Heritage Oven. Our time-honored recipes and premium ingredients come together to create a snack that is both nostalgic and modern. Perfect for tea-time or any time you crave a quality bite.,"Deliciously fresh Masala Mathi from Heritage Oven. Premium quality, authentic taste.","Traditional Snacks, Heritage Oven, Premium Bakery","Masala Mathi, Heritage Oven, Traditional Snacks, Freshly Baked","Tea Time, Evening Snack, Daily Treat, Office Snack",Budget,"Indulge in the magic of Masala Mathi! ✨ Perfectly baked, delightfully fresh. Only at Heritage Oven. 🥯🍰 #HeritageOven #BakeryIndia #FreshlyBaked",False,"Masala Chai, Green Tea, Diet Soda",Masala Mathi Family Pack
namkeen_10,Tikona Mathi,Signature Tikona Mathi,79.0,Traditional Snacks,Namkeen,Experience the authentic taste of Tikona Mathi from Heritage Oven. Our time-honored recipes and premium ingredients come together to create a snack that is both nostalgic and modern. Perfect for tea-time or any time you crave a quality bite.,"Deliciously fresh Tikona Mathi from Heritage Oven. Premium quality, authentic taste.","Traditional Snacks, Heritage Oven, Premium Bakery","Tikona Mathi, Heritage Oven, Traditional Snacks, Freshly Baked","Tea Time, Evening Snack, Daily Treat, Office Snack",Budget,"Indulge in the magic of Tikona Mathi! ✨ Perfectly baked, delightfully fresh. Only at Heritage Oven. 🥯🍰 #HeritageOven #BakeryIndia #FreshlyBaked",False,"Masala Chai, Green Tea, Diet Soda",Tikona Mathi Family Pack
namkeen_11,Ragi Chips,Handcrafted Ragi Chips,79.0,Traditional Snacks,Namkeen,Experience the authentic taste of Ragi Chips from Heritage Oven. Our time-honored recipes and premium ingredients come together to create a snack that is both nostalgic and modern. Perfect for tea-time or any time you crave a quality bite.,"Deliciously fresh Ragi Chips from Heritage Oven. Premium quality, authentic taste.","Traditional Snacks, Heritage Oven, Premium Bakery","Ragi Chips, Heritage Oven, Traditional Snacks, Freshly Baked","Tea Time, Evening Snack, Daily Treat, Office Snack",Budget,"Indulge in the magic of Ragi Chips! ✨ Perfectly baked, delightfully fresh. Only at Heritage Oven. 🥯🍰 #HeritageOven #BakeryIndia #FreshlyBaked",False,"Masala Chai, Green Tea, Diet Soda",Ragi Chips Family Pack
namkeen_12,Beetroot Chips,Signature Beetroot Chips,79.0,Traditional Snacks,Namkeen,Experience the authentic taste of Beetroot Chips from Heritage Oven. Our time-honored recipes and premium ingredients come together to create a snack that is both nostalgic and modern. Perfect for tea-time or any time you crave a quality bite.,"Deliciously fresh Beetroot Chips from Heritage Oven. Premium quality, authentic taste.","Traditional Snacks, Heritage Oven, Premium Bakery","Beetroot Chips, Heritage Oven, Traditional Snacks, Freshly Baked","Tea Time, Evening Snack, Daily Treat, Office Snack",Budget,"Indulge in the magic of Beetroot Chips! ✨ Perfectly baked, delightfully fresh. Only at Heritage Oven. 🥯🍰 #HeritageOven #BakeryIndia #FreshlyBaked",True,"Masala Chai, Green Tea, Diet Soda",Beetroot Chips Family Pack
namkeen_13,Palak Chips,Handcrafted Palak Chips,79.0,Traditional Snacks,Namkeen,Experience the authentic taste of Palak Chips from Heritage Oven. Our time-honored recipes and premium ingredients come together to create a snack that is both nostalgic and modern. Perfect for tea-time or any time you crave a quality bite.,"Deliciously fresh Palak Chips from Heritage Oven. Premium quality, authentic taste.","Traditional Snacks, Heritage Oven, Premium Bakery","Palak Chips, Heritage Oven, Traditional Snacks, Freshly Baked","Tea Time, Evening Snack, Daily Treat, Office Snack",Budget,"Indulge in the magic of Palak Chips! ✨ Perfectly baked, delightfully fresh. Only at Heritage Oven. 🥯🍰 #HeritageOven #BakeryIndia #FreshlyBaked",False,"Masala Chai, Green Tea, Diet Soda",Palak Chips Family Pack
namkeen_14,Corn Chips,Artisanal Corn Chips,79.0,Traditional Snacks,Namkeen,Experience the authentic taste of Corn Chips from Heritage Oven. Our time-honored recipes and premium ingredients come together to create a snack that is both nostalgic and modern. Perfect for tea-time or any time you crave a quality bite.,"Deliciously fresh Corn Chips from Heritage Oven. Premium quality, authentic taste.","Traditional Snacks, Heritage Oven, Premium Bakery","Corn Chips, Heritage Oven, Traditional Snacks, Freshly Baked","Tea Time, Evening Snack, Daily Treat, Office Snack",Budget,"Indulge in the magic of Corn Chips! ✨ Perfectly baked, delightfully fresh. Only at Heritage Oven. 🥯🍰 #HeritageOven #BakeryIndia #FreshlyBaked",True,"Masala Chai, Green Tea, Diet Soda",Corn Chips Family Pack
namkeen_15,Plain Chip,Handcrafted Plain Chip,69.0,Traditional Snacks,Namkeen,Experience the authentic taste of Plain Chip from Heritage Oven. Our time-honored recipes and premium ingredients come together to create a snack that is both nostalgic and modern. Perfect for tea-time or any time you crave a quality bite.,"Deliciously fresh Plain Chip from Heritage Oven. Premium quality, authentic taste.","Traditional Snacks, Heritage Oven, Premium Bakery","Plain Chip, Heritage Oven, Traditional Snacks, Freshly Baked","Tea Time, Evening Snack, Daily Treat, Office Snack",Budget,"Indulge in the magic of Plain Chip! ✨ Perfectly baked, delightfully fresh. Only at Heritage Oven. 🥯🍰 #HeritageOven #BakeryIndia #FreshlyBaked",False,"Masala Chai, Green Tea, Diet Soda",Plain Chip Family Pack
namkeen_16,Malai Sev,Heritage Malai Sev,125.0,Traditional Snacks,Namkeen,Experience the authentic taste of Malai Sev from Heritage Oven. Our time-honored recipes and premium ingredients come together to create a snack that is both nostalgic and modern. Perfect for tea-time or any time you crave a quality bite.,"Deliciously fresh Malai Sev from Heritage Oven. Premium quality, authentic taste.","Traditional Snacks, Heritage Oven, Premium Bakery","Malai Sev, Heritage Oven, Traditional Snacks, Freshly Baked","Tea Time, Evening Snack, Daily Treat, Office Snack",Budget,"Indulge in the magic of Malai Sev! ✨ Perfectly baked, delightfully fresh. Only at Heritage Oven. 🥯🍰 #HeritageOven #BakeryIndia #FreshlyBaked",True,"Masala Chai, Green Tea, Diet Soda",Malai Sev Family Pack
namkeen_17,Bhavnagri Ghathiya,Artisanal Bhavnagri Ghathiya,125.0,Traditional Snacks,Namkeen,Experience the authentic taste of Bhavnagri Ghathiya from Heritage Oven. Our time-honored recipes and premium ingredients come together to create a snack that is both nostalgic and modern. Perfect for tea-time or any time you crave a quality bite.,"Deliciously fresh Bhavnagri Ghathiya from Heritage Oven. Premium quality, authentic taste.","Traditional Snacks, Heritage Oven, Premium Bakery","Bhavnagri Ghathiya, Heritage Oven, Traditional Snacks, Freshly Baked","Tea Time, Evening Snack, Daily Treat, Office Snack",Budget,"Indulge in the magic of Bhavnagri Ghathiya! ✨ Perfectly baked, delightfully fresh. Only at Heritage Oven. 🥯🍰 #HeritageOven #BakeryIndia #FreshlyBaked",False,"Masala Chai, Green Tea, Diet Soda",Bhavnagri Ghathiya Family Pack
namkeen_18,Bhujiya,Handcrafted Bhujiya,125.0,Traditional Snacks,Namkeen,Experience the authentic taste of Bhujiya from Heritage Oven. Our time-honored recipes and premium ingredients come together to create a snack that is both nostalgic and modern. Perfect for tea-time or any time you crave a quality bite.,"Deliciously fresh Bhujiya from Heritage Oven. Premium quality, authentic taste.","Traditional Snacks, Heritage Oven, Premium Bakery","Bhujiya, Heritage Oven, Traditional Snacks, Freshly Baked","Tea Time, Evening Snack, Daily Treat, Office Snack",Budget,"Indulge in the magic of Bhujiya! ✨ Perfectly baked, delightfully fresh. Only at Heritage Oven. 🥯🍰 #HeritageOven #BakeryIndia #FreshlyBaked",False,"Masala Chai, Green Tea, Diet Soda",Bhujiya Family Pack
namkeen_19,Aloo Bhujiya,Premium Aloo Bhujiya,125.0,Traditional Snacks,Namkeen,Experience the authentic taste of Aloo Bhujiya from Heritage Oven. Our time-honored recipes and premium ingredients come together to create a snack that is both nostalgic and modern. Perfect for tea-time or any time you crave a quality bite.,"Deliciously fresh Aloo Bhujiya from Heritage Oven. Premium quality, authentic taste.","Traditional Snacks, Heritage Oven, Premium Bakery","Aloo Bhujiya, Heritage Oven, Traditional Snacks, Freshly Baked","Tea Time, Evening Snack, Daily Treat, Office Snack",Budget,"Indulge in the magic of Aloo Bhujiya! ✨ Perfectly baked, delightfully fresh. Only at Heritage Oven. 🥯🍰 #HeritageOven #BakeryIndia #FreshlyBaked",False,"Masala Chai, Green Tea, Diet Soda",Aloo Bhujiya Family Pack
namkeen_20,Banana Chips,Artisanal Banana Chips,99.0,Traditional Snacks,Namkeen,Experience the authentic taste of Banana Chips from Heritage Oven. Our time-honored recipes and premium ingredients come together to create a snack that is both nostalgic and modern. Perfect for tea-time or any time you crave a quality bite.,"Deliciously fresh Banana Chips from Heritage Oven. Premium quality, authentic taste.","Traditional Snacks, Heritage Oven, Premium Bakery","Banana Chips, Heritage Oven, Traditional Snacks, Freshly Baked","Tea Time, Evening Snack, Daily Treat, Office Snack",Budget,"Indulge in the magic of Banana Chips! ✨ Perfectly baked, delightfully fresh. Only at Heritage Oven. 🥯🍰 #HeritageOven #BakeryIndia #FreshlyBaked",False,"Masala Chai, Green Tea, Diet Soda",Banana Chips Family Pack
namkeen_21,Pudina Murmura,Signature Pudina Murmura,79.0,Traditional Snacks,Namkeen,Experience the authentic taste of Pudina Murmura from Heritage Oven. Our time-honored recipes and premium ingredients come together to create a snack that is both nostalgic and modern. Perfect for tea-time or any time you crave a quality bite.,"Deliciously fresh Pudina Murmura from Heritage Oven. Premium quality, authentic taste.","Traditional Snacks, Heritage Oven, Premium Bakery","Pudina Murmura, Heritage Oven, Traditional Snacks, Freshly Baked","Tea Time, Evening Snack, Daily Treat, Office Snack",Budget,"Indulge in the magic of Pudina Murmura! ✨ Perfectly baked, delightfully fresh. Only at Heritage Oven. 🥯🍰 #HeritageOven #BakeryIndia #FreshlyBaked",False,"Masala Chai, Green Tea, Diet Soda",Pudina Murmura Family Pack
namkeen_22,Gathiya Mix,Premium Gathiya Mix,135.0,Traditional Snacks,Namkeen,Experience the authentic taste of Gathiya Mix from Heritage Oven. Our time-honored recipes and premium ingredients come together to create a snack that is both nostalgic and modern. Perfect for tea-time or any time you crave a quality bite.,"Deliciously fresh Gathiya Mix from Heritage Oven. Premium quality, authentic taste.","Traditional Snacks, Heritage Oven, Premium Bakery","Gathiya Mix, Heritage Oven, Traditional Snacks, Freshly Baked","Tea Time, Evening Snack, Daily Treat, Office Snack",Budget,"Indulge in the magic of Gathiya Mix! ✨ Perfectly baked, delightfully fresh. Only at Heritage Oven. 🥯🍰 #HeritageOven #BakeryIndia #FreshlyBaked",False,"Masala Chai, Green Tea, Diet Soda",Gathiya Mix Family Pack
